PROJCS,EPSG
Anguilla_1957_British_West_Indies_Grid,2000
Antigua_1943_British_West_Indies_Grid,2001
Dominica_1945_British_West_Indies_Grid,2002
Grenada_1953_British_West_Indies_Grid,2003
Montserrat_1958_British_West_Indies_Grid,2004
St_Kitts_1955_British_West_Indies_Grid,2005
St_Lucia_1955_British_West_Indies_Grid,2006
St_Vincent_45_British_West_Indies_Grid,2007
NAD27_CGQ77_SCoPQ_zone_2_deprecated,2008
NAD27_CGQ77_SCoPQ_zone_3,2009
NAD27_CGQ77_SCoPQ_zone_4,2010
NAD27_CGQ77_SCoPQ_zone_5,2011
NAD27_CGQ77_SCoPQ_zone_6,2012
NAD27_CGQ77_SCoPQ_zone_7,2013
NAD27_CGQ77_SCoPQ_zone_8,2014
NAD27_CGQ77_SCoPQ_zone_9,2015
NAD27_CGQ77_SCoPQ_zone_10,2016
NAD27_76_MTM_zone_8,2017
NAD27_76_MTM_zone_9,2018
NAD27_76_MTM_zone_10,2019
NAD27_76_MTM_zone_11,2020
NAD27_76_MTM_zone_12,2021
NAD27_76_MTM_zone_13,2022
NAD27_76_MTM_zone_14,2023
NAD27_76_MTM_zone_15,2024
NAD27_76_MTM_zone_16,2025
NAD27_76_MTM_zone_17,2026
NAD27_76_UTM_zone_15N,2027
NAD27_76_UTM_zone_16N,2028
NAD27_76_UTM_zone_17N,2029
NAD27_76_UTM_zone_18N,2030
NAD27_CGQ77_UTM_zone_17N,2031
NAD27_CGQ77_UTM_zone_18N,2032
NAD27_CGQ77_UTM_zone_19N,2033
NAD27_CGQ77_UTM_zone_20N,2034
NAD27_CGQ77_UTM_zone_21N,2035
NAD83_CSRS98_New_Brunswick_Stereo_deprecated,2036
NAD83_CSRS98_UTM_zone_19N_deprecated,2037
NAD83_CSRS98_UTM_zone_20N_deprecated,2038
Israel_Israeli_TM_Grid,2039
Locodjo_1965_UTM_zone_30N,2040
Abidjan_1987_UTM_zone_30N,2041
Locodjo_1965_UTM_zone_29N,2042
Abidjan_1987_UTM_zone_29N,2043
Hanoi_1972_Gauss_Kruger_zone_18,2044
Hanoi_1972_Gauss_Kruger_zone_19,2045
Hartebeesthoek94_Lo15,2046
Hartebeesthoek94_Lo17,2047
Hartebeesthoek94_Lo19,2048
Hartebeesthoek94_Lo21,2049
Hartebeesthoek94_Lo23,2050
Hartebeesthoek94_Lo25,2051
Hartebeesthoek94_Lo27,2052
Hartebeesthoek94_Lo29,2053
Hartebeesthoek94_Lo31,2054
Hartebeesthoek94_Lo33,2055
CH1903+_LV95,2056
Rassadiran_Nakhl_e_Taqi,2057
ED50_ED77_UTM_zone_38N,2058
ED50_ED77_UTM_zone_39N,2059
ED50_ED77_UTM_zone_40N,2060
ED50_ED77_UTM_zone_41N,2061
Madrid_1870_Madrid_Spain,2062
Dabola_1981_UTM_zone_28N_deprecated,2063
Dabola_1981_UTM_zone_29N_deprecated,2064
S_JTSK_Ferro_Krovak,2065
Mount_Dillon_Tobago_Grid,2066
Naparima_1955_UTM_zone_20N,2067
ELD79_Libya_zone_5,2068
ELD79_Libya_zone_6,2069
ELD79_Libya_zone_7,2070
ELD79_Libya_zone_8,2071
ELD79_Libya_zone_9,2072
ELD79_Libya_zone_10,2073
ELD79_Libya_zone_11,2074
ELD79_Libya_zone_12,2075
ELD79_Libya_zone_13,2076
ELD79_UTM_zone_32N,2077
ELD79_UTM_zone_33N,2078
ELD79_UTM_zone_34N,2079
ELD79_UTM_zone_35N,2080
Chos_Malal_1914_Argentina_2,2081
Pampa_del_Castillo_Argentina_2,2082
Hito_XVIII_1963_Argentina_2,2083
Hito_XVIII_1963_UTM_zone_19S,2084
NAD27_Cuba_Norte_deprecated,2085
NAD27_Cuba_Sur_deprecated,2086
ELD79_TM_12_NE,2087
Carthage_TM_11_NE,2088
Yemen_NGN96_UTM_zone_38N,2089
Yemen_NGN96_UTM_zone_39N,2090
South_Yemen_Gauss_Kruger_zone_8_deprecated,2091
South_Yemen_Gauss_Kruger_zone_9_deprecated,2092
Hanoi_1972_GK_106_NE,2093
WGS_72BE_TM_106_NE,2094
Bissau_UTM_zone_28N,2095
Korean_1985_East_Belt,2096
Korean_1985_Central_Belt,2097
Korean_1985_West_Belt,2098
Qatar_1948_Qatar_Grid,2099
GGRS87_Greek_Grid,2100
Lake_Maracaibo_Grid_M1,2101
Lake_Maracaibo_Grid,2102
Lake_Maracaibo_Grid_M3,2103
Lake_Maracaibo_La_Rosa_Grid,2104
NZGD2000_Mount_Eden_2000,2105
NZGD2000_Bay_of_Plenty_2000,2106
NZGD2000_Poverty_Bay_2000,2107
NZGD2000_Hawkes_Bay_2000,2108
NZGD2000_Taranaki_2000,2109
NZGD2000_Tuhirangi_2000,2110
NZGD2000_Wanganui_2000,2111
NZGD2000_Wairarapa_2000,2112
NZGD2000_Wellington_2000,2113
NZGD2000_Collingwood_2000,2114
NZGD2000_Nelson_2000,2115
NZGD2000_Karamea_2000,2116
NZGD2000_Buller_2000,2117
NZGD2000_Grey_2000,2118
NZGD2000_Amuri_2000,2119
NZGD2000_Marlborough_2000,2120
NZGD2000_Hokitika_2000,2121
NZGD2000_Okarito_2000,2122
NZGD2000_Jacksons_Bay_2000,2123
NZGD2000_Mount_Pleasant_2000,2124
NZGD2000_Gawler_2000,2125
NZGD2000_Timaru_2000,2126
NZGD2000_Lindis_Peak_2000,2127
NZGD2000_Mount_Nicholas_2000,2128
NZGD2000_Mount_York_2000,2129
NZGD2000_Observation_Point_2000,2130
NZGD2000_North_Taieri_2000,2131
NZGD2000_Bluff_2000,2132
NZGD_2000_UTM_Zone_58S,2133
NZGD_2000_UTM_Zone_59S,2134
NZGD_2000_UTM_Zone_60S,2135
Accra_Ghana_National_Grid,2136
Accra_TM_1_NW,2137
NAD27_CGQ77_Quebec_Lambert,2138
NAD83_CSRS98_SCoPQ_zone_2_deprecated,2139
NAD83_CSRS98_MTM_zone_3_deprecated,2140
NAD83_CSRS98_MTM_zone_4_deprecated,2141
NAD83_CSRS98_MTM_zone_5_deprecated,2142
NAD83_CSRS98_MTM_zone_6_deprecated,2143
NAD83_CSRS98_MTM_zone_7_deprecated,2144
NAD83_CSRS98_MTM_zone_8_deprecated,2145
NAD83_CSRS98_MTM_zone_9_deprecated,2146
NAD83_CSRS98_MTM_zone_10_deprecated,2147
NAD83_CSRS98_UTM_zone_21N_deprecated,2148
NAD83_CSRS98_UTM_zone_18N_deprecated,2149
NAD83_CSRS98_UTM_zone_17N_deprecated,2150
NAD83_CSRS98_UTM_zone_13N_deprecated,2151
NAD83_CSRS98_UTM_zone_12N_deprecated,2152
NAD83_CSRS98_UTM_zone_11N_deprecated,2153
RGF93_Lambert_93,2154
American_Samoa_1962_American_Samoa_Lambert_deprecated,2155
NAD83_HARN_UTM_zone_59S_deprecated,2156
IRENET95_Irish_Transverse_Mercator,2157
IRENET95_UTM_zone_29N,2158
Sierra_Leone_1924_New_Colony_Grid,2159
Sierra_Leone_1924_New_War_Office_Grid,2160
Sierra_Leone_1968_UTM_zone_28N,2161
Sierra_Leone_1968_UTM_zone_29N,2162
US_National_Atlas_Equal_Area,2163
Locodjo_1965_TM_5_NW,2164
Abidjan_1987_TM_5_NW,2165
Pulkovo_1942_83_Gauss_Kruger_zone_3_deprecated,2166
Pulkovo_1942_83_Gauss_Kruger_zone_4_deprecated,2167
Pulkovo_1942_83_Gauss_Kruger_zone_5_deprecated,2168
Luxembourg_1930_Gauss,2169
MGI_Slovenia_Grid_deprecated,2170
Pulkovo_1942_58_Poland_zone_I_deprecated,2171
Pulkovo_1942_58_Poland_zone_II,2172
Pulkovo_1942_58_Poland_zone_III,2173
Pulkovo_1942_58_Poland_zone_IV,2174
Pulkovo_1942_58_Poland_zone_V,2175
ETRS89_Poland_CS2000_zone_5,2176
ETRS89_Poland_CS2000_zone_6,2177
ETRS89_Poland_CS2000_zone_7,2178
ETRS89_Poland_CS2000_zone_8,2179
ETRS89_Poland_CS92,2180
Azores_Occidental_1939_UTM_zone_25N,2188
Azores_Central_1948_UTM_zone_26N,2189
Azores_Oriental_1940_UTM_zone_26N,2190
Madeira_1936_UTM_zone_28N_deprecated,2191
ED50_France_EuroLambert_deprecated,2192
NZGD2000_New_Zealand_Transverse_Mercator_2000,2193
American_Samoa_1962_American_Samoa_Lambert_deprecated,2194
NAD83_HARN_UTM_zone_2S,2195
ETRS89_Kp2000_Jutland,2196
ETRS89_Kp2000_Zealand,2197
ETRS89_Kp2000_Bornholm,2198
Albanian_1987_Gauss_Kruger_zone_4_deprecated,2199
ATS77_New_Brunswick_Stereographic_ATS77,2200
REGVEN_UTM_zone_18N,2201
REGVEN_UTM_zone_19N,2202
REGVEN_UTM_zone_20N,2203
NAD27_Tennessee,2204
NAD83_Kentucky_North,2205
ED50_3_degree_Gauss_Kruger_zone_9,2206
ED50_3_degree_Gauss_Kruger_zone_10,2207
ED50_3_degree_Gauss_Kruger_zone_11,2208
ED50_3_degree_Gauss_Kruger_zone_12,2209
ED50_3_degree_Gauss_Kruger_zone_13,2210
ED50_3_degree_Gauss_Kruger_zone_14,2211
ED50_3_degree_Gauss_Kruger_zone_15,2212
ETRS89_TM_30_NE,2213
Douala_1948_AOF_west_deprecated,2214
Manoca_1962_UTM_zone_32N,2215
Qornoq_1927_UTM_zone_22N,2216
Qornoq_1927_UTM_zone_23N,2217
Scoresbysund_1952_Greenland_zone_5_east,2218
ATS77_UTM_zone_19N,2219
ATS77_UTM_zone_20N,2220
Scoresbysund_1952_Greenland_zone_6_east,2221
NAD83_Arizona_East_ft,2222
NAD83_Arizona_Central_ft,2223
NAD83_Arizona_West_ft,2224
NAD83_California_zone_1_ftUS,2225
NAD83_California_zone_2_ftUS,2226
NAD83_California_zone_3_ftUS,2227
NAD83_California_zone_4_ftUS,2228
NAD83_California_zone_5_ftUS,2229
NAD83_California_zone_6_ftUS,2230
NAD83_Colorado_North_ftUS,2231
NAD83_Colorado_Central_ftUS,2232
NAD83_Colorado_South_ftUS,2233
NAD83_Connecticut_ftUS,2234
NAD83_Delaware_ftUS,2235
NAD83_Florida_East_ftUS,2236
NAD83_Florida_West_ftUS,2237
NAD83_Florida_North_ftUS,2238
NAD83_Georgia_East_ftUS,2239
NAD83_Georgia_West_ftUS,2240
NAD83_Idaho_East_ftUS,2241
NAD83_Idaho_Central_ftUS,2242
NAD83_Idaho_West_ftUS,2243
NAD83_Indiana_East_ftUS_deprecated,2244
NAD83_Indiana_West_ftUS_deprecated,2245
NAD83_Kentucky_North_ftUS,2246
NAD83_Kentucky_South_ftUS,2247
NAD83_Maryland_ftUS,2248
NAD83_Massachusetts_Mainland_ftUS,2249
NAD83_Massachusetts_Island_ftUS,2250
NAD83_Michigan_North_ft,2251
NAD83_Michigan_Central_ft,2252
NAD83_Michigan_South_ft,2253
NAD83_Mississippi_East_ftUS,2254
NAD83_Mississippi_West_ftUS,2255
NAD83_Montana_ft,2256
NAD83_New_Mexico_East_ftUS,2257
NAD83_New_Mexico_Central_ftUS,2258
NAD83_New_Mexico_West_ftUS,2259
NAD83_New_York_East_ftUS,2260
NAD83_New_York_Central_ftUS,2261
NAD83_New_York_West_ftUS,2262
NAD83_New_York_Long_Island_ftUS,2263
NAD83_North_Carolina_ftUS,2264
NAD83_North_Dakota_North_ft,2265
NAD83_North_Dakota_South_ft,2266
NAD83_Oklahoma_North_ftUS,2267
NAD83_Oklahoma_South_ftUS,2268
NAD83_Oregon_North_ft,2269
NAD83_Oregon_South_ft,2270
NAD83_Pennsylvania_North_ftUS,2271
NAD83_Pennsylvania_South_ftUS,2272
NAD83_South_Carolina_ft,2273
NAD83_Tennessee_ftUS,2274
NAD83_Texas_North_ftUS,2275
NAD83_Texas_North_Central_ftUS,2276
NAD83_Texas_Central_ftUS,2277
NAD83_Texas_South_Central_ftUS,2278
NAD83_Texas_South_ftUS,2279
NAD83_Utah_North_ft,2280
NAD83_Utah_Central_ft,2281
NAD83_Utah_South_ft,2282
NAD83_Virginia_North_ftUS,2283
NAD83_Virginia_South_ftUS,2284
NAD83_Washington_North_ftUS,2285
NAD83_Washington_South_ftUS,2286
NAD83_Wisconsin_North_ftUS,2287
NAD83_Wisconsin_Central_ftUS,2288
NAD83_Wisconsin_South_ftUS,2289
ATS77_Prince_Edward_Isl_Stereographic_ATS77,2290
NAD83_CSRS98_Prince_Edward_Isl_Stereographic_NAD83_deprecated,2291
NAD83_CSRS98_Prince_Edward_Isl_Stereographic_NAD83_deprecated,2292
ATS77_MTM_Nova_Scotia_zone_4,2294
ATS77_MTM_Nova_Scotia_zone_5,2295
Ammassalik_1958_Greenland_zone_7_east,2296
Qornoq_1927_Greenland_zone_1_east_deprecated,2297
Qornoq_1927_Greenland_zone_2_east_deprecated,2298
Qornoq_1927_Greenland_zone_2_west,2299
Qornoq_1927_Greenland_zone_3_east_deprecated,2300
Qornoq_1927_Greenland_zone_3_west,2301
Qornoq_1927_Greenland_zone_4_east_deprecated,2302
Qornoq_1927_Greenland_zone_4_west,2303
Qornoq_1927_Greenland_zone_5_west,2304
Qornoq_1927_Greenland_zone_6_west,2305
Qornoq_1927_Greenland_zone_7_west,2306
Qornoq_1927_Greenland_zone_8_east,2307
Batavia_TM_109_SE,2308
WGS_84_TM_116_SE,2309
WGS_84_TM_132_SE,2310
WGS_84_TM_6_NE,2311
Garoua_UTM_zone_33N,2312
Kousseri_UTM_zone_33N,2313
Trinidad_1903_Trinidad_Grid_ftCla,2314
Campo_Inchauspe_UTM_zone_19S,2315
Campo_Inchauspe_UTM_zone_20S,2316
PSAD56_ICN_Regional,2317
Ain_el_Abd_Aramco_Lambert,2318
ED50_TM27,2319
ED50_TM30,2320
ED50_TM33,2321
ED50_TM36,2322
ED50_TM39,2323
ED50_TM42,2324
ED50_TM45,2325
Hong_Kong_1980_Grid_System,2326
Xian_1980_Gauss_Kruger_zone_13,2327
Xian_1980_Gauss_Kruger_zone_14,2328
Xian_1980_Gauss_Kruger_zone_15,2329
Xian_1980_Gauss_Kruger_zone_16,2330
Xian_1980_Gauss_Kruger_zone_17,2331
Xian_1980_Gauss_Kruger_zone_18,2332
Xian_1980_Gauss_Kruger_zone_19,2333
Xian_1980_Gauss_Kruger_zone_20,2334
Xian_1980_Gauss_Kruger_zone_21,2335
Xian_1980_Gauss_Kruger_zone_22,2336
Xian_1980_Gauss_Kruger_zone_23,2337
Xian_1980_Gauss_Kruger_CM_75E,2338
Xian_1980_Gauss_Kruger_CM_81E,2339
Xian_1980_Gauss_Kruger_CM_87E,2340
Xian_1980_Gauss_Kruger_CM_93E,2341
Xian_1980_Gauss_Kruger_CM_99E,2342
Xian_1980_Gauss_Kruger_CM_105E,2343
Xian_1980_Gauss_Kruger_CM_111E,2344
Xian_1980_Gauss_Kruger_CM_117E,2345
Xian_1980_Gauss_Kruger_CM_123E,2346
Xian_1980_Gauss_Kruger_CM_129E,2347
Xian_1980_Gauss_Kruger_CM_135E,2348
Xian_1980_3_degree_Gauss_Kruger_zone_25,2349
Xian_1980_3_degree_Gauss_Kruger_zone_26,2350
Xian_1980_3_degree_Gauss_Kruger_zone_27,2351
Xian_1980_3_degree_Gauss_Kruger_zone_28,2352
Xian_1980_3_degree_Gauss_Kruger_zone_29,2353
Xian_1980_3_degree_Gauss_Kruger_zone_30,2354
Xian_1980_3_degree_Gauss_Kruger_zone_31,2355
Xian_1980_3_degree_Gauss_Kruger_zone_32,2356
Xian_1980_3_degree_Gauss_Kruger_zone_33,2357
Xian_1980_3_degree_Gauss_Kruger_zone_34,2358
Xian_1980_3_degree_Gauss_Kruger_zone_35,2359
Xian_1980_3_degree_Gauss_Kruger_zone_36,2360
Xian_1980_3_degree_Gauss_Kruger_zone_37,2361
Xian_1980_3_degree_Gauss_Kruger_zone_38,2362
Xian_1980_3_degree_Gauss_Kruger_zone_39,2363
Xian_1980_3_degree_Gauss_Kruger_zone_40,2364
Xian_1980_3_degree_Gauss_Kruger_zone_41,2365
Xian_1980_3_degree_Gauss_Kruger_zone_42,2366
Xian_1980_3_degree_Gauss_Kruger_zone_43,2367
Xian_1980_3_degree_Gauss_Kruger_zone_44,2368
Xian_1980_3_degree_Gauss_Kruger_zone_45,2369
Xian_1980_3_degree_Gauss_Kruger_CM_75E,2370
Xian_1980_3_degree_Gauss_Kruger_CM_78E,2371
Xian_1980_3_degree_Gauss_Kruger_CM_81E,2372
Xian_1980_3_degree_Gauss_Kruger_CM_84E,2373
Xian_1980_3_degree_Gauss_Kruger_CM_87E,2374
Xian_1980_3_degree_Gauss_Kruger_CM_90E,2375
Xian_1980_3_degree_Gauss_Kruger_CM_93E,2376
Xian_1980_3_degree_Gauss_Kruger_CM_96E,2377
Xian_1980_3_degree_Gauss_Kruger_CM_99E,2378
Xian_1980_3_degree_Gauss_Kruger_CM_102E,2379
Xian_1980_3_degree_Gauss_Kruger_CM_105E,2380
Xian_1980_3_degree_Gauss_Kruger_CM_108E,2381
Xian_1980_3_degree_Gauss_Kruger_CM_111E,2382
Xian_1980_3_degree_Gauss_Kruger_CM_114E,2383
Xian_1980_3_degree_Gauss_Kruger_CM_117E,2384
Xian_1980_3_degree_Gauss_Kruger_CM_120E,2385
Xian_1980_3_degree_Gauss_Kruger_CM_123E,2386
Xian_1980_3_degree_Gauss_Kruger_CM_126E,2387
Xian_1980_3_degree_Gauss_Kruger_CM_129E,2388
Xian_1980_3_degree_Gauss_Kruger_CM_132E,2389
Xian_1980_3_degree_Gauss_Kruger_CM_135E,2390
KKJ_Finland_zone_1,2391
KKJ_Finland_zone_2,2392
KKJ_Finland_Uniform_Coordinate_System,2393
KKJ_Finland_zone_4,2394
South_Yemen_Gauss_Kruger_zone_8,2395
South_Yemen_Gauss_Kruger_zone_9,2396
Pulkovo_1942_83_3_degree_Gauss_Kruger_zone_3,2397
Pulkovo_1942_83_3_degree_Gauss_Kruger_zone_4,2398
Pulkovo_1942_83_3_degree_Gauss_Kruger_zone_5,2399
RT90_2_5_gon_W_deprecated,2400
Beijing_1954_3_degree_Gauss_Kruger_zone_25,2401
Beijing_1954_3_degree_Gauss_Kruger_zone_26,2402
Beijing_1954_3_degree_Gauss_Kruger_zone_27,2403
Beijing_1954_3_degree_Gauss_Kruger_zone_28,2404
Beijing_1954_3_degree_Gauss_Kruger_zone_29,2405
Beijing_1954_3_degree_Gauss_Kruger_zone_30,2406
Beijing_1954_3_degree_Gauss_Kruger_zone_31,2407
Beijing_1954_3_degree_Gauss_Kruger_zone_32,2408
Beijing_1954_3_degree_Gauss_Kruger_zone_33,2409
Beijing_1954_3_degree_Gauss_Kruger_zone_34,2410
Beijing_1954_3_degree_Gauss_Kruger_zone_35,2411
Beijing_1954_3_degree_Gauss_Kruger_zone_36,2412
Beijing_1954_3_degree_Gauss_Kruger_zone_37,2413
Beijing_1954_3_degree_Gauss_Kruger_zone_38,2414
Beijing_1954_3_degree_Gauss_Kruger_zone_39,2415
Beijing_1954_3_degree_Gauss_Kruger_zone_40,2416
Beijing_1954_3_degree_Gauss_Kruger_zone_41,2417
Beijing_1954_3_degree_Gauss_Kruger_zone_42,2418
Beijing_1954_3_degree_Gauss_Kruger_zone_43,2419
Beijing_1954_3_degree_Gauss_Kruger_zone_44,2420
Beijing_1954_3_degree_Gauss_Kruger_zone_45,2421
Beijing_1954_3_degree_Gauss_Kruger_CM_75E,2422
Beijing_1954_3_degree_Gauss_Kruger_CM_78E,2423
Beijing_1954_3_degree_Gauss_Kruger_CM_81E,2424
Beijing_1954_3_degree_Gauss_Kruger_CM_84E,2425
Beijing_1954_3_degree_Gauss_Kruger_CM_87E,2426
Beijing_1954_3_degree_Gauss_Kruger_CM_90E,2427
Beijing_1954_3_degree_Gauss_Kruger_CM_93E,2428
Beijing_1954_3_degree_Gauss_Kruger_CM_96E,2429
Beijing_1954_3_degree_Gauss_Kruger_CM_99E,2430
Beijing_1954_3_degree_Gauss_Kruger_CM_102E,2431
Beijing_1954_3_degree_Gauss_Kruger_CM_105E,2432
Beijing_1954_3_degree_Gauss_Kruger_CM_108E,2433
Beijing_1954_3_degree_Gauss_Kruger_CM_111E,2434
Beijing_1954_3_degree_Gauss_Kruger_CM_114E,2435
Beijing_1954_3_degree_Gauss_Kruger_CM_117E,2436
Beijing_1954_3_degree_Gauss_Kruger_CM_120E,2437
Beijing_1954_3_degree_Gauss_Kruger_CM_123E,2438
Beijing_1954_3_degree_Gauss_Kruger_CM_126E,2439
Beijing_1954_3_degree_Gauss_Kruger_CM_129E,2440
Beijing_1954_3_degree_Gauss_Kruger_CM_132E,2441
Beijing_1954_3_degree_Gauss_Kruger_CM_135E,2442
JGD2000_Japan_Plane_Rectangular_CS_I,2443
JGD2000_Japan_Plane_Rectangular_CS_II,2444
JGD2000_Japan_Plane_Rectangular_CS_III,2445
JGD2000_Japan_Plane_Rectangular_CS_IV,2446
JGD2000_Japan_Plane_Rectangular_CS_V,2447
JGD2000_Japan_Plane_Rectangular_CS_VI,2448
JGD2000_Japan_Plane_Rectangular_CS_VII,2449
JGD2000_Japan_Plane_Rectangular_CS_VIII,2450
JGD2000_Japan_Plane_Rectangular_CS_IX,2451
JGD2000_Japan_Plane_Rectangular_CS_X,2452
JGD2000_Japan_Plane_Rectangular_CS_XI,2453
JGD2000_Japan_Plane_Rectangular_CS_XII,2454
JGD2000_Japan_Plane_Rectangular_CS_XIII,2455
JGD2000_Japan_Plane_Rectangular_CS_XIV,2456
JGD2000_Japan_Plane_Rectangular_CS_XV,2457
JGD2000_Japan_Plane_Rectangular_CS_XVI,2458
JGD2000_Japan_Plane_Rectangular_CS_XVII,2459
JGD2000_Japan_Plane_Rectangular_CS_XVIII,2460
JGD2000_Japan_Plane_Rectangular_CS_XIX,2461
Albanian_1987_Gauss_Kruger_zone_4,2462
Pulkovo_1995_Gauss_Kruger_CM_21E,2463
Pulkovo_1995_Gauss_Kruger_CM_27E,2464
Pulkovo_1995_Gauss_Kruger_CM_33E,2465
Pulkovo_1995_Gauss_Kruger_CM_39E,2466
Pulkovo_1995_Gauss_Kruger_CM_45E,2467
Pulkovo_1995_Gauss_Kruger_CM_51E,2468
Pulkovo_1995_Gauss_Kruger_CM_57E,2469
Pulkovo_1995_Gauss_Kruger_CM_63E,2470
Pulkovo_1995_Gauss_Kruger_CM_69E,2471
Pulkovo_1995_Gauss_Kruger_CM_75E,2472
Pulkovo_1995_Gauss_Kruger_CM_81E,2473
Pulkovo_1995_Gauss_Kruger_CM_87E,2474
Pulkovo_1995_Gauss_Kruger_CM_93E,2475
Pulkovo_1995_Gauss_Kruger_CM_99E,2476
Pulkovo_1995_Gauss_Kruger_CM_105E,2477
Pulkovo_1995_Gauss_Kruger_CM_111E,2478
Pulkovo_1995_Gauss_Kruger_CM_117E,2479
Pulkovo_1995_Gauss_Kruger_CM_123E,2480
Pulkovo_1995_Gauss_Kruger_CM_129E,2481
Pulkovo_1995_Gauss_Kruger_CM_135E,2482
Pulkovo_1995_Gauss_Kruger_CM_141E,2483
Pulkovo_1995_Gauss_Kruger_CM_147E,2484
Pulkovo_1995_Gauss_Kruger_CM_153E,2485
Pulkovo_1995_Gauss_Kruger_CM_159E,2486
Pulkovo_1995_Gauss_Kruger_CM_165E,2487
Pulkovo_1995_Gauss_Kruger_CM_171E,2488
Pulkovo_1995_Gauss_Kruger_CM_177E,2489
Pulkovo_1995_Gauss_Kruger_CM_177W,2490
Pulkovo_1995_Gauss_Kruger_CM_171W,2491
Pulkovo_1942_Gauss_Kruger_CM_9E_deprecated,2492
Pulkovo_1942_Gauss_Kruger_CM_15E_deprecated,2493
Pulkovo_1942_Gauss_Kruger_CM_21E,2494
Pulkovo_1942_Gauss_Kruger_CM_27E,2495
Pulkovo_1942_Gauss_Kruger_CM_33E,2496
Pulkovo_1942_Gauss_Kruger_CM_39E,2497
Pulkovo_1942_Gauss_Kruger_CM_45E,2498
Pulkovo_1942_Gauss_Kruger_CM_51E,2499
Pulkovo_1942_Gauss_Kruger_CM_57E,2500
Pulkovo_1942_Gauss_Kruger_CM_63E,2501
Pulkovo_1942_Gauss_Kruger_CM_69E,2502
Pulkovo_1942_Gauss_Kruger_CM_75E,2503
Pulkovo_1942_Gauss_Kruger_CM_81E,2504
Pulkovo_1942_Gauss_Kruger_CM_87E,2505
Pulkovo_1942_Gauss_Kruger_CM_93E,2506
Pulkovo_1942_Gauss_Kruger_CM_99E,2507
Pulkovo_1942_Gauss_Kruger_CM_105E,2508
Pulkovo_1942_Gauss_Kruger_CM_111E,2509
Pulkovo_1942_Gauss_Kruger_CM_117E,2510
Pulkovo_1942_Gauss_Kruger_CM_123E,2511
Pulkovo_1942_Gauss_Kruger_CM_129E,2512
Pulkovo_1942_Gauss_Kruger_CM_135E,2513
Pulkovo_1942_Gauss_Kruger_CM_141E,2514
Pulkovo_1942_Gauss_Kruger_CM_147E,2515
Pulkovo_1942_Gauss_Kruger_CM_153E,2516
Pulkovo_1942_Gauss_Kruger_CM_159E,2517
Pulkovo_1942_Gauss_Kruger_CM_165E,2518
Pulkovo_1942_Gauss_Kruger_CM_171E,2519
Pulkovo_1942_Gauss_Kruger_CM_177E,2520
Pulkovo_1942_Gauss_Kruger_CM_177W,2521
Pulkovo_1942_Gauss_Kruger_CM_171W,2522
Pulkovo_1942_3_degree_Gauss_Kruger_zone_7,2523
Pulkovo_1942_3_degree_Gauss_Kruger_zone_8,2524
Pulkovo_1942_3_degree_Gauss_Kruger_zone_9,2525
Pulkovo_1942_3_degree_Gauss_Kruger_zone_10,2526
Pulkovo_1942_3_degree_Gauss_Kruger_zone_11,2527
Pulkovo_1942_3_degree_Gauss_Kruger_zone_12,2528
Pulkovo_1942_3_degree_Gauss_Kruger_zone_13,2529
Pulkovo_1942_3_degree_Gauss_Kruger_zone_14,2530
Pulkovo_1942_3_degree_Gauss_Kruger_zone_15,2531
Pulkovo_1942_3_degree_Gauss_Kruger_zone_16,2532
Pulkovo_1942_3_degree_Gauss_Kruger_zone_17,2533
Pulkovo_1942_3_degree_Gauss_Kruger_zone_18,2534
Pulkovo_1942_3_degree_Gauss_Kruger_zone_19,2535
Pulkovo_1942_3_degree_Gauss_Kruger_zone_20,2536
Pulkovo_1942_3_degree_Gauss_Kruger_zone_21,2537
Pulkovo_1942_3_degree_Gauss_Kruger_zone_22,2538
Pulkovo_1942_3_degree_Gauss_Kruger_zone_23,2539
Pulkovo_1942_3_degree_Gauss_Kruger_zone_24,2540
Pulkovo_1942_3_degree_Gauss_Kruger_zone_25,2541
Pulkovo_1942_3_degree_Gauss_Kruger_zone_26,2542
Pulkovo_1942_3_degree_Gauss_Kruger_zone_27,2543
Pulkovo_1942_3_degree_Gauss_Kruger_zone_28,2544
Pulkovo_1942_3_degree_Gauss_Kruger_zone_29,2545
Pulkovo_1942_3_degree_Gauss_Kruger_zone_30,2546
Pulkovo_1942_3_degree_Gauss_Kruger_zone_31,2547
Pulkovo_1942_3_degree_Gauss_Kruger_zone_32,2548
Pulkovo_1942_3_degree_Gauss_Kruger_zone_33,2549
Samboja_UTM_zone_50S_deprecated,2550
Pulkovo_1942_3_degree_Gauss_Kruger_zone_34,2551
Pulkovo_1942_3_degree_Gauss_Kruger_zone_35,2552
Pulkovo_1942_3_degree_Gauss_Kruger_zone_36,2553
Pulkovo_1942_3_degree_Gauss_Kruger_zone_37,2554
Pulkovo_1942_3_degree_Gauss_Kruger_zone_38,2555
Pulkovo_1942_3_degree_Gauss_Kruger_zone_39,2556
Pulkovo_1942_3_degree_Gauss_Kruger_zone_40,2557
Pulkovo_1942_3_degree_Gauss_Kruger_zone_41,2558
Pulkovo_1942_3_degree_Gauss_Kruger_zone_42,2559
Pulkovo_1942_3_degree_Gauss_Kruger_zone_43,2560
Pulkovo_1942_3_degree_Gauss_Kruger_zone_44,2561
Pulkovo_1942_3_degree_Gauss_Kruger_zone_45,2562
Pulkovo_1942_3_degree_Gauss_Kruger_zone_46,2563
Pulkovo_1942_3_degree_Gauss_Kruger_zone_47,2564
Pulkovo_1942_3_degree_Gauss_Kruger_zone_48,2565
Pulkovo_1942_3_degree_Gauss_Kruger_zone_49,2566
Pulkovo_1942_3_degree_Gauss_Kruger_zone_50,2567
Pulkovo_1942_3_degree_Gauss_Kruger_zone_51,2568
Pulkovo_1942_3_degree_Gauss_Kruger_zone_52,2569
Pulkovo_1942_3_degree_Gauss_Kruger_zone_53,2570
Pulkovo_1942_3_degree_Gauss_Kruger_zone_54,2571
Pulkovo_1942_3_degree_Gauss_Kruger_zone_55,2572
Pulkovo_1942_3_degree_Gauss_Kruger_zone_56,2573
Pulkovo_1942_3_degree_Gauss_Kruger_zone_57,2574
Pulkovo_1942_3_degree_Gauss_Kruger_zone_58,2575
Pulkovo_1942_3_degree_Gauss_Kruger_zone_59,2576
Pulkovo_1942_3_degree_Gauss_Kruger_zone_60_deprecated,2577
Pulkovo_1942_3_degree_Gauss_Kruger_zone_61,2578
Pulkovo_1942_3_degree_Gauss_Kruger_zone_62,2579
Pulkovo_1942_3_degree_Gauss_Kruger_zone_63,2580
Pulkovo_1942_3_degree_Gauss_Kruger_zone_64,2581
Pulkovo_1942_3_degree_Gauss_Kruger_CM_21E,2582
Pulkovo_1942_3_degree_Gauss_Kruger_CM_24E,2583
Pulkovo_1942_3_degree_Gauss_Kruger_CM_27E,2584
Pulkovo_1942_3_degree_Gauss_Kruger_CM_30E,2585
Pulkovo_1942_3_degree_Gauss_Kruger_CM_33E,2586
Pulkovo_1942_3_degree_Gauss_Kruger_CM_36E,2587
Pulkovo_1942_3_degree_Gauss_Kruger_CM_39E,2588
Pulkovo_1942_3_degree_Gauss_Kruger_CM_42E,2589
Pulkovo_1942_3_degree_Gauss_Kruger_CM_45E,2590
Pulkovo_1942_3_degree_Gauss_Kruger_CM_48E,2591
Pulkovo_1942_3_degree_Gauss_Kruger_CM_51E,2592
Pulkovo_1942_3_degree_Gauss_Kruger_CM_54E,2593
Pulkovo_1942_3_degree_Gauss_Kruger_CM_57E,2594
Pulkovo_1942_3_degree_Gauss_Kruger_CM_60E,2595
Pulkovo_1942_3_degree_Gauss_Kruger_CM_63E,2596
Pulkovo_1942_3_degree_Gauss_Kruger_CM_66E,2597
Pulkovo_1942_3_degree_Gauss_Kruger_CM_69E,2598
Pulkovo_1942_3_degree_Gauss_Kruger_CM_72E,2599
Lietuvos_Koordinoei_Sistema_1994_deprecated,2600
Pulkovo_1942_3_degree_Gauss_Kruger_CM_75E,2601
Pulkovo_1942_3_degree_Gauss_Kruger_CM_78E,2602
Pulkovo_1942_3_degree_Gauss_Kruger_CM_81E,2603
Pulkovo_1942_3_degree_Gauss_Kruger_CM_84E,2604
Pulkovo_1942_3_degree_Gauss_Kruger_CM_87E,2605
Pulkovo_1942_3_degree_Gauss_Kruger_CM_90E,2606
Pulkovo_1942_3_degree_Gauss_Kruger_CM_93E,2607
Pulkovo_1942_3_degree_Gauss_Kruger_CM_96E,2608
Pulkovo_1942_3_degree_Gauss_Kruger_CM_99E,2609
Pulkovo_1942_3_degree_Gauss_Kruger_CM_102E,2610
Pulkovo_1942_3_degree_Gauss_Kruger_CM_105E,2611
Pulkovo_1942_3_degree_Gauss_Kruger_CM_108E,2612
Pulkovo_1942_3_degree_Gauss_Kruger_CM_111E,2613
Pulkovo_1942_3_degree_Gauss_Kruger_CM_114E,2614
Pulkovo_1942_3_degree_Gauss_Kruger_CM_117E,2615
Pulkovo_1942_3_degree_Gauss_Kruger_CM_120E,2616
Pulkovo_1942_3_degree_Gauss_Kruger_CM_123E,2617
Pulkovo_1942_3_degree_Gauss_Kruger_CM_126E,2618
Pulkovo_1942_3_degree_Gauss_Kruger_CM_129E,2619
Pulkovo_1942_3_degree_Gauss_Kruger_CM_132E,2620
Pulkovo_1942_3_degree_Gauss_Kruger_CM_135E,2621
Pulkovo_1942_3_degree_Gauss_Kruger_CM_138E,2622
Pulkovo_1942_3_degree_Gauss_Kruger_CM_141E,2623
Pulkovo_1942_3_degree_Gauss_Kruger_CM_144E,2624
Pulkovo_1942_3_degree_Gauss_Kruger_CM_147E,2625
Pulkovo_1942_3_degree_Gauss_Kruger_CM_150E,2626
Pulkovo_1942_3_degree_Gauss_Kruger_CM_153E,2627
Pulkovo_1942_3_degree_Gauss_Kruger_CM_156E,2628
Pulkovo_1942_3_degree_Gauss_Kruger_CM_159E,2629
Pulkovo_1942_3_degree_Gauss_Kruger_CM_162E,2630
Pulkovo_1942_3_degree_Gauss_Kruger_CM_165E,2631
Pulkovo_1942_3_degree_Gauss_Kruger_CM_168E,2632
Pulkovo_1942_3_degree_Gauss_Kruger_CM_171E,2633
Pulkovo_1942_3_degree_Gauss_Kruger_CM_174E,2634
Pulkovo_1942_3_degree_Gauss_Kruger_CM_177E,2635
Pulkovo_1942_3_degree_Gauss_Kruger_CM_180E,2636
Pulkovo_1942_3_degree_Gauss_Kruger_CM_177W,2637
Pulkovo_1942_3_degree_Gauss_Kruger_CM_174W,2638
Pulkovo_1942_3_degree_Gauss_Kruger_CM_171W,2639
Pulkovo_1942_3_degree_Gauss_Kruger_CM_168W,2640
Pulkovo_1995_3_degree_Gauss_Kruger_zone_7,2641
Pulkovo_1995_3_degree_Gauss_Kruger_zone_8,2642
Pulkovo_1995_3_degree_Gauss_Kruger_zone_9,2643
Pulkovo_1995_3_degree_Gauss_Kruger_zone_10,2644
Pulkovo_1995_3_degree_Gauss_Kruger_zone_11,2645
Pulkovo_1995_3_degree_Gauss_Kruger_zone_12,2646
Pulkovo_1995_3_degree_Gauss_Kruger_zone_13,2647
Pulkovo_1995_3_degree_Gauss_Kruger_zone_14,2648
Pulkovo_1995_3_degree_Gauss_Kruger_zone_15,2649
Pulkovo_1995_3_degree_Gauss_Kruger_zone_16,2650
Pulkovo_1995_3_degree_Gauss_Kruger_zone_17,2651
Pulkovo_1995_3_degree_Gauss_Kruger_zone_18,2652
Pulkovo_1995_3_degree_Gauss_Kruger_zone_19,2653
Pulkovo_1995_3_degree_Gauss_Kruger_zone_20,2654
Pulkovo_1995_3_degree_Gauss_Kruger_zone_21,2655
Pulkovo_1995_3_degree_Gauss_Kruger_zone_22,2656
Pulkovo_1995_3_degree_Gauss_Kruger_zone_23,2657
Pulkovo_1995_3_degree_Gauss_Kruger_zone_24,2658
Pulkovo_1995_3_degree_Gauss_Kruger_zone_25,2659
Pulkovo_1995_3_degree_Gauss_Kruger_zone_26,2660
Pulkovo_1995_3_degree_Gauss_Kruger_zone_27,2661
Pulkovo_1995_3_degree_Gauss_Kruger_zone_28,2662
Pulkovo_1995_3_degree_Gauss_Kruger_zone_29,2663
Pulkovo_1995_3_degree_Gauss_Kruger_zone_30,2664
Pulkovo_1995_3_degree_Gauss_Kruger_zone_31,2665
Pulkovo_1995_3_degree_Gauss_Kruger_zone_32,2666
Pulkovo_1995_3_degree_Gauss_Kruger_zone_33,2667
Pulkovo_1995_3_degree_Gauss_Kruger_zone_34,2668
Pulkovo_1995_3_degree_Gauss_Kruger_zone_35,2669
Pulkovo_1995_3_degree_Gauss_Kruger_zone_36,2670
Pulkovo_1995_3_degree_Gauss_Kruger_zone_37,2671
Pulkovo_1995_3_degree_Gauss_Kruger_zone_38,2672
Pulkovo_1995_3_degree_Gauss_Kruger_zone_39,2673
Pulkovo_1995_3_degree_Gauss_Kruger_zone_40,2674
Pulkovo_1995_3_degree_Gauss_Kruger_zone_41,2675
Pulkovo_1995_3_degree_Gauss_Kruger_zone_42,2676
Pulkovo_1995_3_degree_Gauss_Kruger_zone_43,2677
Pulkovo_1995_3_degree_Gauss_Kruger_zone_44,2678
Pulkovo_1995_3_degree_Gauss_Kruger_zone_45,2679
Pulkovo_1995_3_degree_Gauss_Kruger_zone_46,2680
Pulkovo_1995_3_degree_Gauss_Kruger_zone_47,2681
Pulkovo_1995_3_degree_Gauss_Kruger_zone_48,2682
Pulkovo_1995_3_degree_Gauss_Kruger_zone_49,2683
Pulkovo_1995_3_degree_Gauss_Kruger_zone_50,2684
Pulkovo_1995_3_degree_Gauss_Kruger_zone_51,2685
Pulkovo_1995_3_degree_Gauss_Kruger_zone_52,2686
Pulkovo_1995_3_degree_Gauss_Kruger_zone_53,2687
Pulkovo_1995_3_degree_Gauss_Kruger_zone_54,2688
Pulkovo_1995_3_degree_Gauss_Kruger_zone_55,2689
Pulkovo_1995_3_degree_Gauss_Kruger_zone_56,2690
Pulkovo_1995_3_degree_Gauss_Kruger_zone_57,2691
Pulkovo_1995_3_degree_Gauss_Kruger_zone_58,2692
Pulkovo_1995_3_degree_Gauss_Kruger_zone_59,2693
Pulkovo_1995_3_degree_Gauss_Kruger_zone_60_deprecated,2694
Pulkovo_1995_3_degree_Gauss_Kruger_zone_61,2695
Pulkovo_1995_3_degree_Gauss_Kruger_zone_62,2696
Pulkovo_1995_3_degree_Gauss_Kruger_zone_63,2697
Pulkovo_1995_3_degree_Gauss_Kruger_zone_64,2698
Pulkovo_1995_3_degree_Gauss_Kruger_CM_21E,2699
Pulkovo_1995_3_degree_Gauss_Kruger_CM_24E,2700
Pulkovo_1995_3_degree_Gauss_Kruger_CM_27E,2701
Pulkovo_1995_3_degree_Gauss_Kruger_CM_30E,2702
Pulkovo_1995_3_degree_Gauss_Kruger_CM_33E,2703
Pulkovo_1995_3_degree_Gauss_Kruger_CM_36E,2704
Pulkovo_1995_3_degree_Gauss_Kruger_CM_39E,2705
Pulkovo_1995_3_degree_Gauss_Kruger_CM_42E,2706
Pulkovo_1995_3_degree_Gauss_Kruger_CM_45E,2707
Pulkovo_1995_3_degree_Gauss_Kruger_CM_48E,2708
Pulkovo_1995_3_degree_Gauss_Kruger_CM_51E,2709
Pulkovo_1995_3_degree_Gauss_Kruger_CM_54E,2710
Pulkovo_1995_3_degree_Gauss_Kruger_CM_57E,2711
Pulkovo_1995_3_degree_Gauss_Kruger_CM_60E,2712
Pulkovo_1995_3_degree_Gauss_Kruger_CM_63E,2713
Pulkovo_1995_3_degree_Gauss_Kruger_CM_66E,2714
Pulkovo_1995_3_degree_Gauss_Kruger_CM_69E,2715
Pulkovo_1995_3_degree_Gauss_Kruger_CM_72E,2716
Pulkovo_1995_3_degree_Gauss_Kruger_CM_75E,2717
Pulkovo_1995_3_degree_Gauss_Kruger_CM_78E,2718
Pulkovo_1995_3_degree_Gauss_Kruger_CM_81E,2719
Pulkovo_1995_3_degree_Gauss_Kruger_CM_84E,2720
Pulkovo_1995_3_degree_Gauss_Kruger_CM_87E,2721
Pulkovo_1995_3_degree_Gauss_Kruger_CM_90E,2722
Pulkovo_1995_3_degree_Gauss_Kruger_CM_93E,2723
Pulkovo_1995_3_degree_Gauss_Kruger_CM_96E,2724
Pulkovo_1995_3_degree_Gauss_Kruger_CM_99E,2725
Pulkovo_1995_3_degree_Gauss_Kruger_CM_102E,2726
Pulkovo_1995_3_degree_Gauss_Kruger_CM_105E,2727
Pulkovo_1995_3_degree_Gauss_Kruger_CM_108E,2728
Pulkovo_1995_3_degree_Gauss_Kruger_CM_111E,2729
Pulkovo_1995_3_degree_Gauss_Kruger_CM_114E,2730
Pulkovo_1995_3_degree_Gauss_Kruger_CM_117E,2731
Pulkovo_1995_3_degree_Gauss_Kruger_CM_120E,2732
Pulkovo_1995_3_degree_Gauss_Kruger_CM_123E,2733
Pulkovo_1995_3_degree_Gauss_Kruger_CM_126E,2734
Pulkovo_1995_3_degree_Gauss_Kruger_CM_129E,2735
Tete_UTM_zone_36S,2736
Tete_UTM_zone_37S,2737
Pulkovo_1995_3_degree_Gauss_Kruger_CM_132E,2738
Pulkovo_1995_3_degree_Gauss_Kruger_CM_135E,2739
Pulkovo_1995_3_degree_Gauss_Kruger_CM_138E,2740
Pulkovo_1995_3_degree_Gauss_Kruger_CM_141E,2741
Pulkovo_1995_3_degree_Gauss_Kruger_CM_144E,2742
Pulkovo_1995_3_degree_Gauss_Kruger_CM_147E,2743
Pulkovo_1995_3_degree_Gauss_Kruger_CM_150E,2744
Pulkovo_1995_3_degree_Gauss_Kruger_CM_153E,2745
Pulkovo_1995_3_degree_Gauss_Kruger_CM_156E,2746
Pulkovo_1995_3_degree_Gauss_Kruger_CM_159E,2747
Pulkovo_1995_3_degree_Gauss_Kruger_CM_162E,2748
Pulkovo_1995_3_degree_Gauss_Kruger_CM_165E,2749
Pulkovo_1995_3_degree_Gauss_Kruger_CM_168E,2750
Pulkovo_1995_3_degree_Gauss_Kruger_CM_171E,2751
Pulkovo_1995_3_degree_Gauss_Kruger_CM_174E,2752
Pulkovo_1995_3_degree_Gauss_Kruger_CM_177E,2753
Pulkovo_1995_3_degree_Gauss_Kruger_CM_180E,2754
Pulkovo_1995_3_degree_Gauss_Kruger_CM_177W,2755
Pulkovo_1995_3_degree_Gauss_Kruger_CM_174W,2756
Pulkovo_1995_3_degree_Gauss_Kruger_CM_171W,2757
Pulkovo_1995_3_degree_Gauss_Kruger_CM_168W,2758
NAD83_HARN_Alabama_East,2759
NAD83_HARN_Alabama_West,2760
NAD83_HARN_Arizona_East,2761
NAD83_HARN_Arizona_Central,2762
NAD83_HARN_Arizona_West,2763
NAD83_HARN_Arkansas_North,2764
NAD83_HARN_Arkansas_South,2765
NAD83_HARN_California_zone_1,2766
NAD83_HARN_California_zone_2,2767
NAD83_HARN_California_zone_3,2768
NAD83_HARN_California_zone_4,2769
NAD83_HARN_California_zone_5,2770
NAD83_HARN_California_zone_6,2771
NAD83_HARN_Colorado_North,2772
NAD83_HARN_Colorado_Central,2773
NAD83_HARN_Colorado_South,2774
NAD83_HARN_Connecticut,2775
NAD83_HARN_Delaware,2776
NAD83_HARN_Florida_East,2777
NAD83_HARN_Florida_West,2778
NAD83_HARN_Florida_North,2779
NAD83_HARN_Georgia_East,2780
NAD83_HARN_Georgia_West,2781
NAD83_HARN_Hawaii_zone_1,2782
NAD83_HARN_Hawaii_zone_2,2783
NAD83_HARN_Hawaii_zone_3,2784
NAD83_HARN_Hawaii_zone_4,2785
NAD83_HARN_Hawaii_zone_5,2786
NAD83_HARN_Idaho_East,2787
NAD83_HARN_Idaho_Central,2788
NAD83_HARN_Idaho_West,2789
NAD83_HARN_Illinois_East,2790
NAD83_HARN_Illinois_West,2791
NAD83_HARN_Indiana_East,2792
NAD83_HARN_Indiana_West,2793
NAD83_HARN_Iowa_North,2794
NAD83_HARN_Iowa_South,2795
NAD83_HARN_Kansas_North,2796
NAD83_HARN_Kansas_South,2797
NAD83_HARN_Kentucky_North,2798
NAD83_HARN_Kentucky_South,2799
NAD83_HARN_Louisiana_North,2800
NAD83_HARN_Louisiana_South,2801
NAD83_HARN_Maine_East,2802
NAD83_HARN_Maine_West,2803
NAD83_HARN_Maryland,2804
NAD83_HARN_Massachusetts_Mainland,2805
NAD83_HARN_Massachusetts_Island,2806
NAD83_HARN_Michigan_North,2807
NAD83_HARN_Michigan_Central,2808
NAD83_HARN_Michigan_South,2809
NAD83_HARN_Minnesota_North,2810
NAD83_HARN_Minnesota_Central,2811
NAD83_HARN_Minnesota_South,2812
NAD83_HARN_Mississippi_East,2813
NAD83_HARN_Mississippi_West,2814
NAD83_HARN_Missouri_East,2815
NAD83_HARN_Missouri_Central,2816
NAD83_HARN_Missouri_West,2817
NAD83_HARN_Montana,2818
NAD83_HARN_Nebraska,2819
NAD83_HARN_Nevada_East,2820
NAD83_HARN_Nevada_Central,2821
NAD83_HARN_Nevada_West,2822
NAD83_HARN_New_Hampshire,2823
NAD83_HARN_New_Jersey,2824
NAD83_HARN_New_Mexico_East,2825
NAD83_HARN_New_Mexico_Central,2826
NAD83_HARN_New_Mexico_West,2827
NAD83_HARN_New_York_East,2828
NAD83_HARN_New_York_Central,2829
NAD83_HARN_New_York_West,2830
NAD83_HARN_New_York_Long_Island,2831
NAD83_HARN_North_Dakota_North,2832
NAD83_HARN_North_Dakota_South,2833
NAD83_HARN_Ohio_North,2834
NAD83_HARN_Ohio_South,2835
NAD83_HARN_Oklahoma_North,2836
NAD83_HARN_Oklahoma_South,2837
NAD83_HARN_Oregon_North,2838
NAD83_HARN_Oregon_South,2839
NAD83_HARN_Rhode_Island,2840
NAD83_HARN_South_Dakota_North,2841
NAD83_HARN_South_Dakota_South,2842
NAD83_HARN_Tennessee,2843
NAD83_HARN_Texas_North,2844
NAD83_HARN_Texas_North_Central,2845
NAD83_HARN_Texas_Central,2846
NAD83_HARN_Texas_South_Central,2847
NAD83_HARN_Texas_South,2848
NAD83_HARN_Utah_North,2849
NAD83_HARN_Utah_Central,2850
NAD83_HARN_Utah_South,2851
NAD83_HARN_Vermont,2852
NAD83_HARN_Virginia_North,2853
NAD83_HARN_Virginia_South,2854
NAD83_HARN_Washington_North,2855
NAD83_HARN_Washington_South,2856
NAD83_HARN_West_Virginia_North,2857
NAD83_HARN_West_Virginia_South,2858
NAD83_HARN_Wisconsin_North,2859
NAD83_HARN_Wisconsin_Central,2860
NAD83_HARN_Wisconsin_South,2861
NAD83_HARN_Wyoming_East,2862
NAD83_HARN_Wyoming_East_Central,2863
NAD83_HARN_Wyoming_West_Central,2864
NAD83_HARN_Wyoming_West,2865
NAD83_HARN_Puerto_Rico_and_Virgin_Is,2866
NAD83_HARN_Arizona_East_ft,2867
NAD83_HARN_Arizona_Central_ft,2868
NAD83_HARN_Arizona_West_ft,2869
NAD83_HARN_California_zone_1_ftUS,2870
NAD83_HARN_California_zone_2_ftUS,2871
NAD83_HARN_California_zone_3_ftUS,2872
NAD83_HARN_California_zone_4_ftUS,2873
NAD83_HARN_California_zone_5_ftUS,2874
NAD83_HARN_California_zone_6_ftUS,2875
NAD83_HARN_Colorado_North_ftUS,2876
NAD83_HARN_Colorado_Central_ftUS,2877
NAD83_HARN_Colorado_South_ftUS,2878
NAD83_HARN_Connecticut_ftUS,2879
NAD83_HARN_Delaware_ftUS,2880
NAD83_HARN_Florida_East_ftUS,2881
NAD83_HARN_Florida_West_ftUS,2882
NAD83_HARN_Florida_North_ftUS,2883
NAD83_HARN_Georgia_East_ftUS,2884
NAD83_HARN_Georgia_West_ftUS,2885
NAD83_HARN_Idaho_East_ftUS,2886
NAD83_HARN_Idaho_Central_ftUS,2887
NAD83_HARN_Idaho_West_ftUS,2888
NAD83_HARN_Indiana_East_ftUS_deprecated,2889
NAD83_HARN_Indiana_West_ftUS_deprecated,2890
NAD83_HARN_Kentucky_North_ftUS,2891
NAD83_HARN_Kentucky_South_ftUS,2892
NAD83_HARN_Maryland_ftUS,2893
NAD83_HARN_Massachusetts_Mainland_ftUS,2894
NAD83_HARN_Massachusetts_Island_ftUS,2895
NAD83_HARN_Michigan_North_ft,2896
NAD83_HARN_Michigan_Central_ft,2897
NAD83_HARN_Michigan_South_ft,2898
NAD83_HARN_Mississippi_East_ftUS,2899
NAD83_HARN_Mississippi_West_ftUS,2900
NAD83_HARN_Montana_ft,2901
NAD83_HARN_New_Mexico_East_ftUS,2902
NAD83_HARN_New_Mexico_Central_ftUS,2903
NAD83_HARN_New_Mexico_West_ftUS,2904
NAD83_HARN_New_York_East_ftUS,2905
NAD83_HARN_New_York_Central_ftUS,2906
NAD83_HARN_New_York_West_ftUS,2907
NAD83_HARN_New_York_Long_Island_ftUS,2908
NAD83_HARN_North_Dakota_North_ft,2909
NAD83_HARN_North_Dakota_South_ft,2910
NAD83_HARN_Oklahoma_North_ftUS,2911
NAD83_HARN_Oklahoma_South_ftUS,2912
NAD83_HARN_Oregon_North_ft,2913
NAD83_HARN_Oregon_South_ft,2914
NAD83_HARN_Tennessee_ftUS,2915
NAD83_HARN_Texas_North_ftUS,2916
NAD83_HARN_Texas_North_Central_ftUS,2917
NAD83_HARN_Texas_Central_ftUS,2918
NAD83_HARN_Texas_South_Central_ftUS,2919
NAD83_HARN_Texas_South_ftUS,2920
NAD83_HARN_Utah_North_ft,2921
NAD83_HARN_Utah_Central_ft,2922
NAD83_HARN_Utah_South_ft,2923
NAD83_HARN_Virginia_North_ftUS,2924
NAD83_HARN_Virginia_South_ftUS,2925
NAD83_HARN_Washington_North_ftUS,2926
NAD83_HARN_Washington_South_ftUS,2927
NAD83_HARN_Wisconsin_North_ftUS,2928
NAD83_HARN_Wisconsin_Central_ftUS,2929
NAD83_HARN_Wisconsin_South_ftUS,2930
Beduaram_TM_13_NE,2931
QND95_Qatar_National_Grid,2932
Segara_UTM_zone_50S,2933
Segara_Jakarta_NEIEZ_deprecated,2934
Pulkovo_1942_CS63_zone_A1,2935
Pulkovo_1942_CS63_zone_A2,2936
Pulkovo_1942_CS63_zone_A3,2937
Pulkovo_1942_CS63_zone_A4,2938
Pulkovo_1942_CS63_zone_K2,2939
Pulkovo_1942_CS63_zone_K3,2940
Pulkovo_1942_CS63_zone_K4,2941
Porto_Santo_UTM_zone_28N,2942
Selvagem_Grande_UTM_zone_28N,2943
NAD83_CSRS_SCoPQ_zone_2_deprecated,2944
NAD83_CSRS_MTM_zone_3,2945
NAD83_CSRS_MTM_zone_4,2946
NAD83_CSRS_MTM_zone_5,2947
NAD83_CSRS_MTM_zone_6,2948
NAD83_CSRS_MTM_zone_7,2949
NAD83_CSRS_MTM_zone_8,2950
NAD83_CSRS_MTM_zone_9,2951
NAD83_CSRS_MTM_zone_10,2952
NAD83_CSRS_New_Brunswick_Stereographic,2953
NAD83_CSRS_Prince_Edward_Isl_Stereographic_NAD83,2954
NAD83_CSRS_UTM_zone_11N,2955
NAD83_CSRS_UTM_zone_12N,2956
NAD83_CSRS_UTM_zone_13N,2957
NAD83_CSRS_UTM_zone_17N,2958
NAD83_CSRS_UTM_zone_18N,2959
NAD83_CSRS_UTM_zone_19N,2960
NAD83_CSRS_UTM_zone_20N,2961
NAD83_CSRS_UTM_zone_21N,2962
Lisbon_1890_Lisbon_Portugal_Bonne,2963
NAD27_Alaska_Albers,2964
NAD83_Indiana_East_ftUS,2965
NAD83_Indiana_West_ftUS,2966
NAD83_HARN_Indiana_East_ftUS,2967
NAD83_HARN_Indiana_West_ftUS,2968
Fort_Marigot_UTM_zone_20N,2969
Guadeloupe_1948_UTM_zone_20N,2970
CSG67_UTM_zone_22N,2971
RGFG95_UTM_zone_22N,2972
Martinique_1938_UTM_zone_20N,2973
RGR92_UTM_zone_40S,2975
Tahiti_52_UTM_zone_6S,2976
Tahaa_54_UTM_zone_5S,2977
IGN72_Nuku_Hiva_UTM_zone_7S,2978
K0_1949_UTM_zone_42S_deprecated,2979
Combani_1950_UTM_zone_38S,2980
IGN56_Lifou_UTM_zone_58S,2981
IGN72_Grand_Terre_UTM_zone_58S_deprecated,2982
ST87_Ouvea_UTM_zone_58S_deprecated,2983
RGNC_1991_Lambert_New_Caledonia_deprecated,2984
Petrels_1972_Terre_Adelie_Polar_Stereographic,2985
Perroud_1950_Terre_Adelie_Polar_Stereographic,2986
Saint_Pierre_et_Miquelon_1950_UTM_zone_21N,2987
MOP78_UTM_zone_1S,2988
RRAF_1991_UTM_zone_20N_deprecated,2989
Reunion_1947_TM_Reunion_deprecated,2990
NAD83_Oregon_Lambert,2991
NAD83_Oregon_Lambert_ft,2992
NAD83_HARN_Oregon_Lambert,2993
NAD83_HARN_Oregon_Lambert_ft,2994
IGN53_Mare_UTM_zone_58S,2995
ST84_Ile_des_Pins_UTM_zone_58S,2996
ST71_Belep_UTM_zone_58S,2997
NEA74_Noumea_UTM_zone_58S,2998
Grand_Comoros_UTM_zone_38S,2999
Segara_NEIEZ,3000
Batavia_NEIEZ,3001
Makassar_NEIEZ,3002
Monte_Mario_Italy_zone_1,3003
Monte_Mario_Italy_zone_2,3004
NAD83_BC_Albers,3005
SWEREF99_TM,3006
SWEREF99_12_00,3007
SWEREF99_13_30,3008
SWEREF99_15_00,3009
SWEREF99_16_30,3010
SWEREF99_18_00,3011
SWEREF99_14_15,3012
SWEREF99_15_45,3013
SWEREF99_17_15,3014
SWEREF99_18_45,3015
SWEREF99_20_15,3016
SWEREF99_21_45,3017
SWEREF99_23_15,3018
RT90_7_5_gon_V,3019
RT90_5_gon_V,3020
RT90_2_5_gon_V,3021
RT90_0_gon,3022
RT90_2_5_gon_O,3023
RT90_5_gon_O,3024
RT38_7_5_gon_V,3025
RT38_5_gon_V,3026
RT38_2_5_gon_V,3027
RT38_0_gon,3028
RT38_2_5_gon_O,3029
RT38_5_gon_O,3030
WGS_84_Antarctic_Polar_Stereographic,3031
WGS_84_Australian_Antarctic_Polar_Stereographic,3032
WGS_84_Australian_Antarctic_Lambert,3033
ETRS89_LCC_Europe,3034
ETRS89_LAEA_Europe,3035
Moznet_UTM_zone_36S,3036
Moznet_UTM_zone_37S,3037
ETRS89_TM26_deprecated,3038
ETRS89_TM27_deprecated,3039
ETRS89_UTM_zone_28N_N_E,3040
ETRS89_UTM_zone_29N_N_E,3041
ETRS89_UTM_zone_30N_N_E,3042
ETRS89_UTM_zone_31N_N_E,3043
ETRS89_UTM_zone_32N_N_E,3044
ETRS89_UTM_zone_33N_N_E,3045
ETRS89_UTM_zone_34N_N_E,3046
ETRS89_UTM_zone_35N_N_E,3047
ETRS89_UTM_zone_36N_N_E,3048
ETRS89_UTM_zone_37N_N_E,3049
ETRS89_TM38_deprecated,3050
ETRS89_TM39_deprecated,3051
Reykjavik_1900_Lambert_1900,3052
Hjorsey_1955_Lambert_1955,3053
Hjorsey_1955_UTM_zone_26N,3054
Hjorsey_1955_UTM_zone_27N,3055
Hjorsey_1955_UTM_zone_28N,3056
ISN93_Lambert_1993,3057
Helle_1954_Jan_Mayen_Grid,3058
LKS92_Latvia_TM,3059
IGN72_Grande_Terre_UTM_zone_58S,3060
Porto_Santo_1995_UTM_zone_28N,3061
Azores_Oriental_1995_UTM_zone_26N,3062
Azores_Central_1995_UTM_zone_26N,3063
IGM95_UTM_zone_32N,3064
IGM95_UTM_zone_33N,3065
ED50_Jordan_TM,3066
ETRS89_TM35FIN_E_N,3067
DHDN_Soldner_Berlin,3068
NAD27_Wisconsin_Transverse_Mercator,3069
NAD83_Wisconsin_Transverse_Mercator,3070
NAD83_HARN_Wisconsin_Transverse_Mercator,3071
NAD83_Maine_CS2000_East,3072
NAD83_Maine_CS2000_Central_deprecated,3073
NAD83_Maine_CS2000_West,3074
NAD83_HARN_Maine_CS2000_East,3075
NAD83_HARN_Maine_CS2000_Central_deprecated,3076
NAD83_HARN_Maine_CS2000_West,3077
NAD83_Michigan_Oblique_Mercator,3078
NAD83_HARN_Michigan_Oblique_Mercator,3079
NAD27_Shackleford,3080
NAD83_Texas_State_Mapping_System,3081
NAD83_Texas_Centric_Lambert_Conformal,3082
NAD83_Texas_Centric_Albers_Equal_Area,3083
NAD83_HARN_Texas_Centric_Lambert_Conformal,3084
NAD83_HARN_Texas_Centric_Albers_Equal_Area,3085
NAD83_Florida_GDL_Albers,3086
NAD83_HARN_Florida_GDL_Albers,3087
NAD83_Kentucky_Single_Zone,3088
NAD83_Kentucky_Single_Zone_ftUS,3089
NAD83_HARN_Kentucky_Single_Zone,3090
NAD83_HARN_Kentucky_Single_Zone_ftUS,3091
Tokyo_UTM_zone_51N,3092
Tokyo_UTM_zone_52N,3093
Tokyo_UTM_zone_53N,3094
Tokyo_UTM_zone_54N,3095
Tokyo_UTM_zone_55N,3096
JGD2000_UTM_zone_51N,3097
JGD2000_UTM_zone_52N,3098
JGD2000_UTM_zone_53N,3099
JGD2000_UTM_zone_54N,3100
JGD2000_UTM_zone_55N,3101
American_Samoa_1962_American_Samoa_Lambert,3102
Mauritania_1999_UTM_zone_28N_deprecated,3103
Mauritania_1999_UTM_zone_29N_deprecated,3104
Mauritania_1999_UTM_zone_30N_deprecated,3105
Gulshan_303_Bangladesh_Transverse_Mercator,3106
GDA94_SA_Lambert,3107
ETRS89_Guernsey_Grid,3108
ETRS89_Jersey_Transverse_Mercator,3109
AGD66_Vicgrid66,3110
GDA94_Vicgrid94,3111
GDA94_Geoscience_Australia_Lambert,3112
GDA94_BCSG02,3113
MAGNA_SIRGAS_Colombia_Far_West_zone,3114
MAGNA_SIRGAS_Colombia_West_zone,3115
MAGNA_SIRGAS_Colombia_Bogota_zone,3116
MAGNA_SIRGAS_Colombia_East_Central_zone,3117
MAGNA_SIRGAS_Colombia_East_zone,3118
Douala_1948_AEF_west,3119
Pulkovo_1942_58_Poland_zone_I,3120
PRS92_Philippines_zone_1,3121
PRS92_Philippines_zone_2,3122
PRS92_Philippines_zone_3,3123
PRS92_Philippines_zone_4,3124
PRS92_Philippines_zone_5,3125
ETRS89_ETRS_GK19FIN,3126
ETRS89_ETRS_GK20FIN,3127
ETRS89_ETRS_GK21FIN,3128
ETRS89_ETRS_GK22FIN,3129
ETRS89_ETRS_GK23FIN,3130
ETRS89_ETRS_GK24FIN,3131
ETRS89_ETRS_GK25FIN,3132
ETRS89_ETRS_GK26FIN,3133
ETRS89_ETRS_GK27FIN,3134
ETRS89_ETRS_GK28FIN,3135
ETRS89_ETRS_GK29FIN,3136
ETRS89_ETRS_GK30FIN,3137
ETRS89_ETRS_GK31FIN,3138
Vanua_Levu_1915_Vanua_Levu_Grid,3139
Viti_Levu_1912_Viti_Levu_Grid,3140
Fiji_1956_UTM_zone_60S,3141
Fiji_1956_UTM_zone_1S,3142
Fiji_1986_Fiji_Map_Grid_deprecated,3143
FD54_Faroe_Lambert,3144
ETRS89_Faroe_Lambert,3145
Pulkovo_1942_3_degree_Gauss_Kruger_zone_6_deprecated,3146
Pulkovo_1942_3_degree_Gauss_Kruger_CM_18E_deprecated,3147
Indian_1960_UTM_zone_48N,3148
Indian_1960_UTM_zone_49N,3149
Pulkovo_1995_3_degree_Gauss_Kruger_zone_6_deprecated,3150
Pulkovo_1995_3_degree_Gauss_Kruger_CM_18E_deprecated,3151
ST74,3152
NAD83_CSRS_BC_Albers,3153
NAD83_CSRS_UTM_zone_7N,3154
NAD83_CSRS_UTM_zone_8N,3155
NAD83_CSRS_UTM_zone_9N,3156
NAD83_CSRS_UTM_zone_10N,3157
NAD83_CSRS_UTM_zone_14N,3158
NAD83_CSRS_UTM_zone_15N,3159
NAD83_CSRS_UTM_zone_16N,3160
NAD83_Ontario_MNR_Lambert,3161
NAD83_CSRS_Ontario_MNR_Lambert,3162
RGNC91_93_Lambert_New_Caledonia,3163
ST87_Ouvea_UTM_zone_58S,3164
NEA74_Noumea_Noumea_Lambert,3165
NEA74_Noumea_Noumea_Lambert_2,3166
Kertau_RSO_RSO_Malaya_ch,3167
Kertau_RSO_RSO_Malaya_m,3168
RGNC91_93_UTM_zone_57S,3169
RGNC91_93_UTM_zone_58S,3170
RGNC91_93_UTM_zone_59S,3171
IGN53_Mare_UTM_zone_59S,3172
fk89_Faroe_Lambert_FK89,3173
NAD83_Great_Lakes_Albers,3174
NAD83_Great_Lakes_and_St_Lawrence_Albers,3175
Indian_1960_TM_106_NE,3176
LGD2006_Libya_TM,3177
GR96_UTM_zone_18N,3178
GR96_UTM_zone_19N,3179
GR96_UTM_zone_20N,3180
GR96_UTM_zone_21N,3181
GR96_UTM_zone_22N,3182
GR96_UTM_zone_23N,3183
GR96_UTM_zone_24N,3184
GR96_UTM_zone_25N,3185
GR96_UTM_zone_26N,3186
GR96_UTM_zone_27N,3187
GR96_UTM_zone_28N,3188
GR96_UTM_zone_29N,3189
LGD2006_Libya_TM_zone_5,3190
LGD2006_Libya_TM_zone_6,3191
LGD2006_Libya_TM_zone_7,3192
LGD2006_Libya_TM_zone_8,3193
LGD2006_Libya_TM_zone_9,3194
LGD2006_Libya_TM_zone_10,3195
LGD2006_Libya_TM_zone_11,3196
LGD2006_Libya_TM_zone_12,3197
LGD2006_Libya_TM_zone_13,3198
LGD2006_UTM_zone_32N,3199
FD58_Iraq_zone,3200
LGD2006_UTM_zone_33N,3201
LGD2006_UTM_zone_34N,3202
LGD2006_UTM_zone_35N,3203
WGS_84_SCAR_IMW_SP19_20,3204
WGS_84_SCAR_IMW_SP21_22,3205
WGS_84_SCAR_IMW_SP23_24,3206
WGS_84_SCAR_IMW_SQ01_02,3207
WGS_84_SCAR_IMW_SQ19_20,3208
WGS_84_SCAR_IMW_SQ21_22,3209
WGS_84_SCAR_IMW_SQ37_38,3210
WGS_84_SCAR_IMW_SQ39_40,3211
WGS_84_SCAR_IMW_SQ41_42,3212
WGS_84_SCAR_IMW_SQ43_44,3213
WGS_84_SCAR_IMW_SQ45_46,3214
WGS_84_SCAR_IMW_SQ47_48,3215
WGS_84_SCAR_IMW_SQ49_50,3216
WGS_84_SCAR_IMW_SQ51_52,3217
WGS_84_SCAR_IMW_SQ53_54,3218
WGS_84_SCAR_IMW_SQ55_56,3219
WGS_84_SCAR_IMW_SQ57_58,3220
WGS_84_SCAR_IMW_SR13_14,3221
WGS_84_SCAR_IMW_SR15_16,3222
WGS_84_SCAR_IMW_SR17_18,3223
WGS_84_SCAR_IMW_SR19_20,3224
WGS_84_SCAR_IMW_SR27_28,3225
WGS_84_SCAR_IMW_SR29_30,3226
WGS_84_SCAR_IMW_SR31_32,3227
WGS_84_SCAR_IMW_SR33_34,3228
WGS_84_SCAR_IMW_SR35_36,3229
WGS_84_SCAR_IMW_SR37_38,3230
WGS_84_SCAR_IMW_SR39_40,3231
WGS_84_SCAR_IMW_SR41_42,3232
WGS_84_SCAR_IMW_SR43_44,3233
WGS_84_SCAR_IMW_SR45_46,3234
WGS_84_SCAR_IMW_SR47_48,3235
WGS_84_SCAR_IMW_SR49_50,3236
WGS_84_SCAR_IMW_SR51_52,3237
WGS_84_SCAR_IMW_SR53_54,3238
WGS_84_SCAR_IMW_SR55_56,3239
WGS_84_SCAR_IMW_SR57_58,3240
WGS_84_SCAR_IMW_SR59_60,3241
WGS_84_SCAR_IMW_SS04_06,3242
WGS_84_SCAR_IMW_SS07_09,3243
WGS_84_SCAR_IMW_SS10_12,3244
WGS_84_SCAR_IMW_SS13_15,3245
WGS_84_SCAR_IMW_SS16_18,3246
WGS_84_SCAR_IMW_SS19_21,3247
WGS_84_SCAR_IMW_SS25_27,3248
WGS_84_SCAR_IMW_SS28_30,3249
WGS_84_SCAR_IMW_SS31_33,3250
WGS_84_SCAR_IMW_SS34_36,3251
WGS_84_SCAR_IMW_SS37_39,3252
WGS_84_SCAR_IMW_SS40_42,3253
WGS_84_SCAR_IMW_SS43_45,3254
WGS_84_SCAR_IMW_SS46_48,3255
WGS_84_SCAR_IMW_SS49_51,3256
WGS_84_SCAR_IMW_SS52_54,3257
WGS_84_SCAR_IMW_SS55_57,3258
WGS_84_SCAR_IMW_SS58_60,3259
WGS_84_SCAR_IMW_ST01_04,3260
WGS_84_SCAR_IMW_ST05_08,3261
WGS_84_SCAR_IMW_ST09_12,3262
WGS_84_SCAR_IMW_ST13_16,3263
WGS_84_SCAR_IMW_ST17_20,3264
WGS_84_SCAR_IMW_ST21_24,3265
WGS_84_SCAR_IMW_ST25_28,3266
WGS_84_SCAR_IMW_ST29_32,3267
WGS_84_SCAR_IMW_ST33_36,3268
WGS_84_SCAR_IMW_ST37_40,3269
WGS_84_SCAR_IMW_ST41_44,3270
WGS_84_SCAR_IMW_ST45_48,3271
WGS_84_SCAR_IMW_ST49_52,3272
WGS_84_SCAR_IMW_ST53_56,3273
WGS_84_SCAR_IMW_ST57_60,3274
WGS_84_SCAR_IMW_SU01_05,3275
WGS_84_SCAR_IMW_SU06_10,3276
WGS_84_SCAR_IMW_SU11_15,3277
WGS_84_SCAR_IMW_SU16_20,3278
WGS_84_SCAR_IMW_SU21_25,3279
WGS_84_SCAR_IMW_SU26_30,3280
WGS_84_SCAR_IMW_SU31_35,3281
WGS_84_SCAR_IMW_SU36_40,3282
WGS_84_SCAR_IMW_SU41_45,3283
WGS_84_SCAR_IMW_SU46_50,3284
WGS_84_SCAR_IMW_SU51_55,3285
WGS_84_SCAR_IMW_SU56_60,3286
WGS_84_SCAR_IMW_SV01_10,3287
WGS_84_SCAR_IMW_SV11_20,3288
WGS_84_SCAR_IMW_SV21_30,3289
WGS_84_SCAR_IMW_SV31_40,3290
WGS_84_SCAR_IMW_SV41_50,3291
WGS_84_SCAR_IMW_SV51_60,3292
WGS_84_SCAR_IMW_SW01_60,3293
WGS_84_USGS_Transantarctic_Mountains,3294
Guam_1963_Yap_Islands,3295
RGPF_UTM_zone_5S,3296
RGPF_UTM_zone_6S,3297
RGPF_UTM_zone_7S,3298
RGPF_UTM_zone_8S,3299
Estonian_Coordinate_System_of_1992,3300
Estonian_Coordinate_System_of_1997,3301
IGN63_Hiva_Oa_UTM_zone_7S,3302
Fatu_Iva_72_UTM_zone_7S,3303
Tahiti_79_UTM_zone_6S,3304
Moorea_87_UTM_zone_6S,3305
Maupiti_83_UTM_zone_5S,3306
Nakhl_e_Ghanem_UTM_zone_39N,3307
GDA94_NSW_Lambert,3308
NAD27_California_Albers,3309
NAD83_California_Albers,3310
NAD_1983_California_Teale_Albers,3310
NAD83_HARN_California_Albers,3311
CSG67_UTM_zone_21N,3312
RGFG95_UTM_zone_21N,3313
Katanga_1955_Katanga_Lambert_deprecated,3314
Katanga_1955_Katanga_TM_deprecated,3315
Kasai_1953_Congo_TM_zone_22,3316
Kasai_1953_Congo_TM_zone_24,3317
IGC_1962_Congo_TM_zone_12,3318
IGC_1962_Congo_TM_zone_14,3319
IGC_1962_Congo_TM_zone_16,3320
IGC_1962_Congo_TM_zone_18,3321
IGC_1962_Congo_TM_zone_20,3322
IGC_1962_Congo_TM_zone_22,3323
IGC_1962_Congo_TM_zone_24,3324
IGC_1962_Congo_TM_zone_26,3325
IGC_1962_Congo_TM_zone_28,3326
IGC_1962_Congo_TM_zone_30,3327
Pulkovo_1942_58_GUGiK_80,3328
Pulkovo_1942_58_3_degree_Gauss_Kruger_zone_5,3329
Pulkovo_1942_58_3_degree_Gauss_Kruger_zone_6,3330
Pulkovo_1942_58_3_degree_Gauss_Kruger_zone_7,3331
Pulkovo_1942_58_3_degree_Gauss_Kruger_zone_8,3332
Pulkovo_1942_58_Gauss_Kruger_zone_3,3333
Pulkovo_1942_58_Gauss_Kruger_zone_4,3334
Pulkovo_1942_58_Gauss_Kruger_zone_5,3335
IGN_1962_Kerguelen_UTM_zone_42S,3336
Le_Pouce_1934_Mauritius_Grid,3337
NAD83_Alaska_Albers,3338
IGCB_1955_Congo_TM_zone_12,3339
IGCB_1955_Congo_TM_zone_14,3340
IGCB_1955_Congo_TM_zone_16,3341
IGCB_1955_UTM_zone_33S,3342
Mauritania_1999_UTM_zone_28N,3343
Mauritania_1999_UTM_zone_29N,3344
Mauritania_1999_UTM_zone_30N,3345
LKS94_Lithuania_TM,3346
NAD83_Statistics_Canada_Lambert,3347
NAD83_CSRS_Statistics_Canada_Lambert,3348
WGS_84_PDC_Mercator_deprecated,3349
Pulkovo_1942_CS63_zone_C0,3350
Pulkovo_1942_CS63_zone_C1,3351
Pulkovo_1942_CS63_zone_C2,3352
Mhast_onshore_UTM_zone_32S,3353
Mhast_offshore_UTM_zone_32S,3354
Egypt_Gulf_of_Suez_S_650_TL_Red_Belt,3355
Grand_Cayman_1959_UTM_zone_17N,3356
Little_Cayman_1961_UTM_zone_17N,3357
NAD83_HARN_North_Carolina,3358
NAD83_HARN_North_Carolina_ftUS_deprecated,3359
NAD83_HARN_South_Carolina,3360
NAD83_HARN_South_Carolina_ft,3361
NAD83_HARN_Pennsylvania_North,3362
NAD83_HARN_Pennsylvania_North_ftUS,3363
NAD83_HARN_Pennsylvania_South,3364
NAD83_HARN_Pennsylvania_South_ftUS,3365
Hong_Kong_1963_Grid_System_deprecated,3366
IGN_Astro_1960_UTM_zone_28N,3367
IGN_Astro_1960_UTM_zone_29N,3368
IGN_Astro_1960_UTM_zone_30N,3369
NAD_1927_UTM_Zone_59N,3370
NAD_1927_UTM_Zone_60N,3371
NAD_1983_UTM_Zone_59N,3372
NAD_1983_UTM_Zone_60N,3373
FD54_UTM_zone_29N,3374
GDM2000_Peninsula_RSO,3375
GDM2000_East_Malaysia_BRSO,3376
GDM2000_Johor_Grid,3377
GDM2000_Sembilan_and_Melaka_Grid,3378
GDM2000_PahangGrid,3379
GDM2000_Selangor_Grid,3380
GDM2000_Terengganu_Grid,3381
GDM2000_Pinang_Grid,3382
GDM2000_Kedah_and_Perlis_Grid,3383
GDM2000_Perak_Grid,3384
GDM2000_Kelantan_Grid,3385
KKJ_Finland_zone_0,3386
KKJ_Finland_zone_5,3387
Pulkovo_1942_Caspian_Sea_Mercator,3388
Pulkovo_1942_3_degree_Gauss_Kruger_zone_60,3389
Pulkovo_1995_3_degree_Gauss_Kruger_zone_60,3390
Karbala_1979_UTM_zone_37N,3391
Karbala_1979_UTM_zone_38N,3392
Karbala_1979_UTM_zone_39N,3393
Nahrwan_1934_Iraq_zone,3394
WGS_84_World_Mercator,3395
PD_83_3_degree_Gauss_Kruger_zone_3,3396
PD_83_3_degree_Gauss_Kruger_zone_4,3397
RD_83_3_degree_Gauss_Kruger_zone_4,3398
RD_83_3_degree_Gauss_Kruger_zone_5,3399
NAD83_Alberta_10_TM_Forest,3400
NAD83_Alberta_10_TM_Resource,3401
NAD83_CSRS_Alberta_10_TM_Forest,3402
NAD83_CSRS_Alberta_10_TM_Resource,3403
NAD83_HARN_North_Carolina_ftUS,3404
VN_2000_UTM_zone_48N,3405
VN_2000_UTM_zone_49N,3406
Hong_Kong_1963_Grid_System,3407
NSIDC_EASE_Grid_North,3408
NSIDC_EASE_Grid_South,3409
NSIDC_EASE_Grid_Global,3410
NSIDC_Sea_Ice_Polar_Stereographic_North,3411
NSIDC_Sea_Ice_Polar_Stereographic_South,3412
WGS_84_NSIDC_Sea_Ice_Polar_Stereographic_North,3413
SVY21_Singapore_TM,3414
WGS_72BE_South_China_Sea_Lambert,3415
ETRS89_Austria_Lambert,3416
NAD83_Iowa_North_ft_US,3417
NAD83_Iowa_South_ft_US,3418
NAD83_Kansas_North_ft_US,3419
NAD83_Kansas_South_ft_US,3420
NAD83_Nevada_East_ft_US,3421
NAD83_Nevada_Central_ft_US,3422
NAD83_Nevada_West_ft_US,3423
NAD83_New_Jersey_ft_US,3424
NAD83_HARN_Iowa_North_ft_US,3425
NAD83_HARN_Iowa_South_ft_US,3426
NAD83_HARN_Kansas_North_ft_US,3427
NAD83_HARN_Kansas_South_ft_US,3428
NAD83_HARN_Nevada_East_ft_US,3429
NAD83_HARN_Nevada_Central_ft_US,3430
NAD83_HARN_Nevada_West_ft_US,3431
NAD83_HARN_New_Jersey_ft_US,3432
NAD83_Arkansas_North_ftUS,3433
NAD83_Arkansas_South_ftUS,3434
NAD83_Illinois_East_ftUS,3435
NAD83_Illinois_West_ftUS,3436
NAD83_New_Hampshire_ftUS,3437
NAD83_Rhode_Island_ftUS,3438
PSD93_UTM_zone_39N,3439
PSD93_UTM_zone_40N,3440
NAD83_HARN_Arkansas_North_ftUS,3441
NAD83_HARN_Arkansas_South_ftUS,3442
NAD83_HARN_Illinois_East_ftUS,3443
NAD83_HARN_Illinois_West_ftUS,3444
NAD83_HARN_New_Hampshire_ftUS,3445
NAD83_HARN_Rhode_Island_ftUS,3446
ETRS89_Belgian_Lambert_2005,3447
JAD2001_Jamaica_Metric_Grid,3448
JAD2001_UTM_zone_17N,3449
JAD2001_UTM_zone_18N,3450
NAD83_Louisiana_North_ftUS,3451
NAD83_Louisiana_South_ftUS,3452
NAD83_Louisiana_Offshore_ftUS,3453
NAD83_South_Dakota_North_ftUS_deprecated,3454
NAD83_South_Dakota_South_ftUS,3455
NAD83_HARN_Louisiana_North_ftUS,3456
NAD83_HARN_Louisiana_South_ftUS,3457
NAD83_HARN_South_Dakota_North_ftUS,3458
NAD83_HARN_South_Dakota_South_ftUS,3459
Fiji_1986_Fiji_Map_Grid,3460
Dabola_1981_UTM_zone_28N,3461
Dabola_1981_UTM_zone_29N,3462
NAD83_Maine_CS2000_Central,3463
NAD83_HARN_Maine_CS2000_Central,3464
NAD83_NSRS2007_Alabama_East,3465
NAD83_NSRS2007_Alabama_West,3466
NAD83_NSRS2007_Alaska_Albers,3467
NAD83_NSRS2007_Alaska_zone_1,3468
NAD83_NSRS2007_Alaska_zone_2,3469
NAD83_NSRS2007_Alaska_zone_3,3470
NAD83_NSRS2007_Alaska_zone_4,3471
NAD83_NSRS2007_Alaska_zone_5,3472
NAD83_NSRS2007_Alaska_zone_6,3473
NAD83_NSRS2007_Alaska_zone_7,3474
NAD83_NSRS2007_Alaska_zone_8,3475
NAD83_NSRS2007_Alaska_zone_9,3476
NAD83_NSRS2007_Alaska_zone_10,3477
NAD83_NSRS2007_Arizona_Central,3478
NAD83_NSRS2007_Arizona_Central_ft,3479
NAD83_NSRS2007_Arizona_East,3480
NAD83_NSRS2007_Arizona_East_ft,3481
NAD83_NSRS2007_Arizona_West,3482
NAD83_NSRS2007_Arizona_West_ft,3483
NAD83_NSRS2007_Arkansas_North,3484
NAD83_NSRS2007_Arkansas_North_ftUS,3485
NAD83_NSRS2007_Arkansas_South,3486
NAD83_NSRS2007_Arkansas_South_ftUS,3487
NAD83_NSRS2007_California_Albers,3488
NAD83_NSRS2007_California_zone_1,3489
NAD83_NSRS2007_California_zone_1_ftUS,3490
NAD83_NSRS2007_California_zone_2,3491
NAD83_NSRS2007_California_zone_2_ftUS,3492
NAD83_NSRS2007_California_zone_3,3493
NAD83_NSRS2007_California_zone_3_ftUS,3494
NAD83_NSRS2007_California_zone_4,3495
NAD83_NSRS2007_California_zone_4_ftUS,3496
NAD83_NSRS2007_California_zone_5,3497
NAD83_NSRS2007_California_zone_5_ftUS,3498
NAD83_NSRS2007_California_zone_6,3499
NAD83_NSRS2007_California_zone_6_ftUS,3500
NAD83_NSRS2007_Colorado_Central,3501
NAD83_NSRS2007_Colorado_Central_ftUS,3502
NAD83_NSRS2007_Colorado_North,3503
NAD83_NSRS2007_Colorado_North_ftUS,3504
NAD83_NSRS2007_Colorado_South,3505
NAD83_NSRS2007_Colorado_South_ftUS,3506
NAD83_NSRS2007_Connecticut,3507
NAD83_NSRS2007_Connecticut_ftUS,3508
NAD83_NSRS2007_Delaware,3509
NAD83_NSRS2007_Delaware_ftUS,3510
NAD83_NSRS2007_Florida_East,3511
NAD83_NSRS2007_Florida_East_ftUS,3512
NAD83_NSRS2007_Florida_GDL_Albers,3513
NAD83_NSRS2007_Florida_North,3514
NAD83_NSRS2007_Florida_North_ftUS,3515
NAD83_NSRS2007_Florida_West,3516
NAD83_NSRS2007_Florida_West_ftUS,3517
NAD83_NSRS2007_Georgia_East,3518
NAD83_NSRS2007_Georgia_East_ftUS,3519
NAD83_NSRS2007_Georgia_West,3520
NAD83_NSRS2007_Georgia_West_ftUS,3521
NAD83_NSRS2007_Idaho_Central,3522
NAD83_NSRS2007_Idaho_Central_ftUS,3523
NAD83_NSRS2007_Idaho_East,3524
NAD83_NSRS2007_Idaho_East_ftUS,3525
NAD83_NSRS2007_Idaho_West,3526
NAD83_NSRS2007_Idaho_West_ftUS,3527
NAD83_NSRS2007_Illinois_East,3528
NAD83_NSRS2007_Illinois_East_ftUS,3529
NAD83_NSRS2007_Illinois_West,3530
NAD83_NSRS2007_Illinois_West_ftUS,3531
NAD83_NSRS2007_Indiana_East,3532
NAD83_NSRS2007_Indiana_East_ftUS,3533
NAD83_NSRS2007_Indiana_West,3534
NAD83_NSRS2007_Indiana_West_ftUS,3535
NAD83_NSRS2007_Iowa_North,3536
NAD83_NSRS2007_Iowa_North_ft_US,3537
NAD83_NSRS2007_Iowa_South,3538
NAD83_NSRS2007_Iowa_South_ft_US,3539
NAD83_NSRS2007_Kansas_North,3540
NAD83_NSRS2007_Kansas_North_ft_US,3541
NAD83_NSRS2007_Kansas_South,3542
NAD83_NSRS2007_Kansas_South_ft_US,3543
NAD83_NSRS2007_Kentucky_North,3544
NAD83_NSRS2007_Kentucky_North_ftUS,3545
NAD83_NSRS2007_Kentucky_Single_Zone,3546
NAD83_NSRS2007_Kentucky_Single_Zone_ftUS,3547
NAD83_NSRS2007_Kentucky_South,3548
NAD83_NSRS2007_Kentucky_South_ftUS,3549
NAD83_NSRS2007_Louisiana_North,3550
NAD83_NSRS2007_Louisiana_North_ftUS,3551
NAD83_NSRS2007_Louisiana_South,3552
NAD83_NSRS2007_Louisiana_South_ftUS,3553
NAD83_NSRS2007_Maine_CS2000_Central,3554
NAD83_NSRS2007_Maine_CS2000_East,3555
NAD83_NSRS2007_Maine_CS2000_West,3556
NAD83_NSRS2007_Maine_East,3557
NAD83_NSRS2007_Maine_West,3558
NAD83_NSRS2007_Maryland,3559
NAD83_Utah_North_ftUS,3560
Old_Hawaiian_Hawaii_zone_1,3561
Old_Hawaiian_Hawaii_zone_2,3562
Old_Hawaiian_Hawaii_zone_3,3563
Old_Hawaiian_Hawaii_zone_4,3564
Old_Hawaiian_Hawaii_zone_5,3565
NAD83_Utah_Central_ftUS,3566
NAD83_Utah_South_ftUS,3567
NAD83_HARN_Utah_North_ftUS,3568
NAD83_HARN_Utah_Central_ftUS,3569
NAD83_HARN_Utah_South_ftUS,3570
WGS_84_North_Pole_LAEA_Bering_Sea,3571
WGS_84_North_Pole_LAEA_Alaska,3572
WGS_84_North_Pole_LAEA_Canada,3573
WGS_84_North_Pole_LAEA_Atlantic,3574
WGS_84_North_Pole_LAEA_Europe,3575
WGS_84_North_Pole_LAEA_Russia,3576
GDA94_Australian_Albers,3577
NAD83_Yukon_Albers,3578
NAD83_CSRS_Yukon_Albers,3579
NAD83_NWT_Lambert,3580
NAD83_CSRS_NWT_Lambert,3581
NAD83_NSRS2007_Maryland_ftUS,3582
NAD83_NSRS2007_Massachusetts_Island,3583
NAD83_NSRS2007_Massachusetts_Island_ftUS,3584
NAD83_NSRS2007_Massachusetts_Mainland,3585
NAD83_NSRS2007_Massachusetts_Mainland_ftUS,3586
NAD83_NSRS2007_Michigan_Central,3587
NAD83_NSRS2007_Michigan_Central_ft,3588
NAD83_NSRS2007_Michigan_North,3589
NAD83_NSRS2007_Michigan_North_ft,3590
NAD83_NSRS2007_Michigan_Oblique_Mercator,3591
NAD83_NSRS2007_Michigan_South,3592
NAD83_NSRS2007_Michigan_South_ft,3593
NAD83_NSRS2007_Minnesota_Central,3594
NAD83_NSRS2007_Minnesota_North,3595
NAD83_NSRS2007_Minnesota_South,3596
NAD83_NSRS2007_Mississippi_East,3597
NAD83_NSRS2007_Mississippi_East_ftUS,3598
NAD83_NSRS2007_Mississippi_West,3599
NAD83_NSRS2007_Mississippi_West_ftUS,3600
NAD83_NSRS2007_Missouri_Central,3601
NAD83_NSRS2007_Missouri_East,3602
NAD83_NSRS2007_Missouri_West,3603
NAD83_NSRS2007_Montana,3604
NAD83_NSRS2007_Montana_ft,3605
NAD83_NSRS2007_Nebraska,3606
NAD83_NSRS2007_Nevada_Central,3607
NAD83_NSRS2007_Nevada_Central_ft_US,3608
NAD83_NSRS2007_Nevada_East,3609
NAD83_NSRS2007_Nevada_East_ft_US,3610
NAD83_NSRS2007_Nevada_West,3611
NAD83_NSRS2007_Nevada_West_ft_US,3612
NAD83_NSRS2007_New_Hampshire,3613
NAD83_NSRS2007_New_Hampshire_ftUS,3614
NAD83_NSRS2007_New_Jersey,3615
NAD83_NSRS2007_New_Jersey_ft_US,3616
NAD83_NSRS2007_New_Mexico_Central,3617
NAD83_NSRS2007_New_Mexico_Central_ftUS,3618
NAD83_NSRS2007_New_Mexico_East,3619
NAD83_NSRS2007_New_Mexico_East_ftUS,3620
NAD83_NSRS2007_New_Mexico_West,3621
NAD83_NSRS2007_New_Mexico_West_ftUS,3622
NAD83_NSRS2007_New_York_Central,3623
NAD83_NSRS2007_New_York_Central_ftUS,3624
NAD83_NSRS2007_New_York_East,3625
NAD83_NSRS2007_New_York_East_ftUS,3626
NAD83_NSRS2007_New_York_Long_Island,3627
NAD83_NSRS2007_New_York_Long_Island_ftUS,3628
NAD83_NSRS2007_New_York_West,3629
NAD83_NSRS2007_New_York_West_ftUS,3630
NAD83_NSRS2007_North_Carolina,3631
NAD83_NSRS2007_North_Carolina_ftUS,3632
NAD83_NSRS2007_North_Dakota_North,3633
NAD83_NSRS2007_North_Dakota_North_ft,3634
NAD83_NSRS2007_North_Dakota_South,3635
NAD83_NSRS2007_North_Dakota_South_ft,3636
NAD83_NSRS2007_Ohio_North,3637
NAD83_NSRS2007_Ohio_South,3638
NAD83_NSRS2007_Oklahoma_North,3639
NAD83_NSRS2007_Oklahoma_North_ftUS,3640
NAD83_NSRS2007_Oklahoma_South,3641
NAD83_NSRS2007_Oklahoma_South_ftUS,3642
NAD83_NSRS2007_Oregon_Lambert,3643
NAD83_NSRS2007_Oregon_Lambert_ft,3644
NAD83_NSRS2007_Oregon_North,3645
NAD83_NSRS2007_Oregon_North_ft,3646
NAD83_NSRS2007_Oregon_South,3647
NAD83_NSRS2007_Oregon_South_ft,3648
NAD83_NSRS2007_Pennsylvania_North,3649
NAD83_NSRS2007_Pennsylvania_North_ftUS,3650
NAD83_NSRS2007_Pennsylvania_South,3651
NAD83_NSRS2007_Pennsylvania_South_ftUS,3652
NAD83_NSRS2007_Rhode_Island,3653
NAD83_NSRS2007_Rhode_Island_ftUS,3654
NAD83_NSRS2007_South_Carolina,3655
NAD83_NSRS2007_South_Carolina_ft,3656
NAD83_NSRS2007_South_Dakota_North,3657
NAD83_NSRS2007_South_Dakota_North_ftUS,3658
NAD83_NSRS2007_South_Dakota_South,3659
NAD83_NSRS2007_South_Dakota_South_ftUS,3660
NAD83_NSRS2007_Tennessee,3661
NAD83_NSRS2007_Tennessee_ftUS,3662
NAD83_NSRS2007_Texas_Central,3663
NAD83_NSRS2007_Texas_Central_ftUS,3664
NAD83_NSRS2007_Texas_Centric_Albers_Equal_Area,3665
NAD83_NSRS2007_Texas_Centric_Lambert_Conformal,3666
NAD83_NSRS2007_Texas_North,3667
NAD83_NSRS2007_Texas_North_ftUS,3668
NAD83_NSRS2007_Texas_North_Central,3669
NAD83_NSRS2007_Texas_North_Central_ftUS,3670
NAD83_NSRS2007_Texas_South,3671
NAD83_NSRS2007_Texas_South_ftUS,3672
NAD83_NSRS2007_Texas_South_Central,3673
NAD83_NSRS2007_Texas_South_Central_ftUS,3674
NAD83_NSRS2007_Utah_Central,3675
NAD83_NSRS2007_Utah_Central_ft,3676
NAD83_NSRS2007_Utah_Central_ftUS,3677
NAD83_NSRS2007_Utah_North,3678
NAD83_NSRS2007_Utah_North_ft,3679
NAD83_NSRS2007_Utah_North_ftUS,3680
NAD83_NSRS2007_Utah_South,3681
NAD83_NSRS2007_Utah_South_ft,3682
NAD83_NSRS2007_Utah_South_ftUS,3683
NAD83_NSRS2007_Vermont,3684
NAD83_NSRS2007_Virginia_North,3685
NAD83_NSRS2007_Virginia_North_ftUS,3686
NAD83_NSRS2007_Virginia_South,3687
NAD83_NSRS2007_Virginia_South_ftUS,3688
NAD83_NSRS2007_Washington_North,3689
NAD83_NSRS2007_Washington_North_ftUS,3690
NAD83_NSRS2007_Washington_South,3691
NAD83_NSRS2007_Washington_South_ftUS,3692
NAD83_NSRS2007_West_Virginia_North,3693
NAD83_NSRS2007_West_Virginia_South,3694
NAD83_NSRS2007_Wisconsin_Central,3695
NAD83_NSRS2007_Wisconsin_Central_ftUS,3696
NAD83_NSRS2007_Wisconsin_North,3697
NAD83_NSRS2007_Wisconsin_North_ftUS,3698
NAD83_NSRS2007_Wisconsin_South,3699
NAD83_NSRS2007_Wisconsin_South_ftUS,3700
NAD83_NSRS2007_Wisconsin_Transverse_Mercator,3701
NAD83_NSRS2007_Wyoming_East,3702
NAD83_NSRS2007_Wyoming_East_Central,3703
NAD83_NSRS2007_Wyoming_West_Central,3704
NAD83_NSRS2007_Wyoming_West,3705
NAD83_NSRS2007_UTM_zone_59N,3706
NAD83_NSRS2007_UTM_zone_60N,3707
NAD83_NSRS2007_UTM_zone_1N,3708
NAD83_NSRS2007_UTM_zone_2N,3709
NAD83_NSRS2007_UTM_zone_3N,3710
NAD83_NSRS2007_UTM_zone_4N,3711
NAD83_NSRS2007_UTM_zone_5N,3712
NAD83_NSRS2007_UTM_zone_6N,3713
NAD83_NSRS2007_UTM_zone_7N,3714
NAD83_NSRS2007_UTM_zone_8N,3715
NAD83_NSRS2007_UTM_zone_9N,3716
NAD83_NSRS2007_UTM_zone_10N,3717
NAD83_NSRS2007_UTM_zone_11N,3718
NAD83_NSRS2007_UTM_zone_12N,3719
NAD83_NSRS2007_UTM_zone_13N,3720
NAD83_NSRS2007_UTM_zone_14N,3721
NAD83_NSRS2007_UTM_zone_15N,3722
NAD83_NSRS2007_UTM_zone_16N,3723
NAD83_NSRS2007_UTM_zone_17N,3724
NAD83_NSRS2007_UTM_zone_18N,3725
NAD83_NSRS2007_UTM_zone_19N,3726
Reunion_1947_TM_Reunion,3727
NAD83_NSRS2007_Ohio_North_ftUS,3728
NAD83_NSRS2007_Ohio_South_ftUS,3729
NAD83_NSRS2007_Wyoming_East_ftUS,3730
NAD83_NSRS2007_Wyoming_East_Central_ftUS,3731
NAD83_NSRS2007_Wyoming_West_Central_ftUS,3732
NAD83_NSRS2007_Wyoming_West_ftUS,3733
NAD83_Ohio_North_ftUS,3734
NAD83_Ohio_South_ftUS,3735
NAD83_Wyoming_East_ftUS,3736
NAD83_Wyoming_East_Central_ftUS,3737
NAD83_Wyoming_West_Central_ftUS,3738
NAD83_Wyoming_West_ftUS,3739
NAD83_HARN_UTM_zone_10N,3740
NAD83_HARN_UTM_zone_11N,3741
NAD83_HARN_UTM_zone_12N,3742
NAD83_HARN_UTM_zone_13N,3743
NAD83_HARN_UTM_zone_14N,3744
NAD83_HARN_UTM_zone_15N,3745
NAD83_HARN_UTM_zone_16N,3746
NAD83_HARN_UTM_zone_17N,3747
NAD83_HARN_UTM_zone_18N,3748
NAD83_HARN_UTM_zone_19N,3749
NAD83_HARN_UTM_zone_4N,3750
NAD83_HARN_UTM_zone_5N,3751
WGS_84_Mercator_41_deprecated,3752
NAD83_HARN_Ohio_North_ftUS,3753
NAD83_HARN_Ohio_South_ftUS,3754
NAD83_HARN_Wyoming_East_ftUS,3755
NAD83_HARN_Wyoming_East_Central_ftUS,3756
NAD83_HARN_Wyoming_West_Central_ftUS,3757
NAD83_HARN_Wyoming_West_ftUS,3758
NAD83_Hawaii_zone_3_ftUS,3759
NAD83_HARN_Hawaii_zone_3_ftUS,3760
NAD83_CSRS_UTM_zone_22N,3761
WGS_84_South_Georgia_Lambert,3762
ETRS89_Portugal_TM06,3763
NZGD2000_Chatham_Island_Circuit_2000,3764
HTRS96_Croatia_TM,3765
HTRS96_Croatia_LCC,3766
HTRS96_UTM_zone_33N,3767
HTRS96_UTM_zone_34N,3768
Bermuda_1957_UTM_zone_20N,3769
BDA2000_Bermuda_2000_National_Grid,3770
NAD27_Alberta_3TM_ref_merid_111_W,3771
NAD27_Alberta_3TM_ref_merid_114_W,3772
NAD27_Alberta_3TM_ref_merid_117_W,3773
NAD27_Alberta_3TM_ref_merid_120_W_deprecated,3774
NAD83_Alberta_3TM_ref_merid_111_W,3775
NAD83_Alberta_3TM_ref_merid_114_W,3776
NAD83_Alberta_3TM_ref_merid_117_W,3777
NAD83_Alberta_3TM_ref_merid_120_W_deprecated,3778
NAD83_CSRS_Alberta_3TM_ref_merid_111_W,3779
NAD83_CSRS_Alberta_3TM_ref_merid_114_W,3780
NAD83_CSRS_Alberta_3TM_ref_merid_117_W,3781
NAD83_CSRS_Alberta_3TM_ref_merid_120_W_deprecated,3782
Pitcairn_2006_Pitcairn_TM_2006,3783
Pitcairn_1967_UTM_zone_9S,3784
Popular_Visualisation_CRS_Mercator_deprecated,3785
World_Equidistant_Cylindrical_Sphere_deprecated,3786
MGI_Slovene_National_Grid_deprecated,3787
NZGD2000_Auckland_Islands_TM_2000,3788
NZGD2000_Campbell_Island_TM_2000,3789
NZGD2000_Antipodes_Islands_TM_2000,3790
NZGD2000_Raoul_Island_TM_2000,3791
NZGD2000_Chatham_Islands_TM_2000,3793
Slovenia_1996_Slovene_National_Grid,3794
NAD27_Cuba_Norte,3795
NAD27_Cuba_Sur,3796
NAD27_MTQ_Lambert,3797
NAD83_MTQ_Lambert,3798
NAD83_CSRS_MTQ_Lambert,3799
NAD27_Alberta_3TM_ref_merid_120_W,3800
NAD83_Alberta_3TM_ref_merid_120_W,3801
NAD83_CSRS_Alberta_3TM_ref_merid_120_W,3802
ETRS89_Belgian_Lambert_2008,3812
NAD83_Mississippi_TM,3814
NAD83_HARN_Mississippi_TM,3815
NAD83_NSRS2007_Mississippi_TM,3816
TWD97_TM2_zone_119,3825
TWD97_TM2_zone_121,3826
TWD67_TM2_zone_119,3827
TWD67_TM2_zone_121,3828
Hu_Tzu_Shan_1950_UTM_zone_51N,3829
WGS_84_PDC_Mercator,3832
Pulkovo_1942_58_Gauss_Kruger_zone_2,3833
Pulkovo_1942_83_Gauss_Kruger_zone_2,3834
Pulkovo_1942_83_Gauss_Kruger_zone_3,3835
Pulkovo_1942_83_Gauss_Kruger_zone_4,3836
Pulkovo_1942_58_3_degree_Gauss_Kruger_zone_3,3837
Pulkovo_1942_58_3_degree_Gauss_Kruger_zone_4,3838
Pulkovo_1942_58_3_degree_Gauss_Kruger_zone_9,3839
Pulkovo_1942_58_3_degree_Gauss_Kruger_zone_10,3840
Pulkovo_1942_83_3_degree_Gauss_Kruger_zone_6,3841
Pulkovo_1942_83_3_degree_Gauss_Kruger_zone_7_deprecated,3842
Pulkovo_1942_83_3_degree_Gauss_Kruger_zone_8_deprecated,3843
Pulkovo_1942_58_Stereo70,3844
SWEREF99_RT90_7_5_gon_V_emulation,3845
SWEREF99_RT90_5_gon_V_emulation,3846
SWEREF99_RT90_2_5_gon_V_emulation,3847
SWEREF99_RT90_0_gon_emulation,3848
SWEREF99_RT90_2_5_gon_O_emulation,3849
SWEREF99_RT90_5_gon_O_emulation,3850
NZGD2000_NZCS2000,3851
RSRGD2000_DGLC2000,3852
County_ST74,3854
WGS_1984_Web_Mercator_Auxiliary_Sphere,3857
ETRS89_GK19FIN,3873
ETRS89_GK20FIN,3874
ETRS89_GK21FIN,3875
ETRS89_GK22FIN,3876
ETRS89_GK23FIN,3877
ETRS89_GK24FIN,3878
ETRS89_GK25FIN,3879
ETRS89_GK26FIN,3880
ETRS89_GK27FIN,3881
ETRS89_GK28FIN,3882
ETRS89_GK29FIN,3883
ETRS89_GK30FIN,3884
ETRS89_GK31FIN,3885
IGRS_UTM_zone_37N,3890
IGRS_UTM_zone_38N,3891
IGRS_UTM_zone_39N,3892
ED50_Iraq_National_Grid,3893
KKJ_Finland_Uniform_Coordinate_System,3901
ETRS89_TM35FIN_N_E,3902
ETRS89_TM35FIN_N_E,3903
MGI_1901_Balkans_zone_5,3907
MGI_1901_Balkans_zone_6,3908
MGI_1901_Balkans_zone_7,3909
MGI_1901_Balkans_zone_8,3910
MGI_1901_Slovenia_Grid,3911
MGI_1901_Slovene_National_Grid,3912
Puerto_Rico_UTM_zone_20N,3920
RGF93_CC42,3942
RGF93_CC43,3943
RGF93_CC44,3944
RGF93_CC45,3945
RGF93_CC46,3946
RGF93_CC47,3947
RGF93_CC48,3948
RGF93_CC49,3949
RGF93_CC50,3950
NAD83_Virginia_Lambert,3968
NAD83_HARN_Virginia_Lambert,3969
NAD83_NSRS2007_Virginia_Lambert,3970
WGS_84_NSIDC_EASE_Grid_North,3973
WGS_84_NSIDC_EASE_Grid_South,3974
WGS_84_NSIDC_EASE_Grid_Global,3975
WGS_84_NSIDC_Sea_Ice_Polar_Stereographic_South,3976
NAD83_Canada_Atlas_Lambert,3978
NAD83_CSRS_Canada_Atlas_Lambert,3979
Katanga_1955_Katanga_Lambert_deprecated,3985
Katanga_1955_Katanga_Gauss_zone_A,3986
Katanga_1955_Katanga_Gauss_zone_B,3987
Katanga_1955_Katanga_Gauss_zone_C,3988
Katanga_1955_Katanga_Gauss_zone_D,3989
Puerto_Rico_State_Plane_CS_of_1927,3991
Puerto_Rico_St_Croix,3992
Guam_1963_Guam_SPCS,3993
WGS_84_Mercator_41,3994
WGS_84_Arctic_Polar_Stereographic,3995
WGS_84_IBCAO_Polar_Stereographic,3996
WGS_84_Dubai_Local_TM,3997
MOLDREF99_Moldova_TM,4026
WGS_1984_UTM_Zone_35N,4037
WGS_1984_UTM_Zone_36N,4038
RGRDC_2005_Congo_TM_zone_12,4048
RGRDC_2005_Congo_TM_zone_14,4049
RGRDC_2005_Congo_TM_zone_16,4050
RGRDC_2005_Congo_TM_zone_18,4051
RGRDC_2005_Congo_TM_zone_20,4056
RGRDC_2005_Congo_TM_zone_22,4057
RGRDC_2005_Congo_TM_zone_24,4058
RGRDC_2005_Congo_TM_zone_26,4059
RGRDC_2005_Congo_TM_zone_28,4060
RGRDC_2005_UTM_zone_33S,4061
RGRDC_2005_UTM_zone_34S,4062
RGRDC_2005_UTM_zone_35S,4063
Chua_UTM_zone_23S,4071
REGCAN95_UTM_zone_27N,4082
REGCAN95_UTM_zone_28N,4083
WGS_84_World_Equidistant_Cylindrical,4087
World_Equidistant_Cylindrical_Sphere,4088
ETRS89_DKTM1,4093
ETRS89_DKTM2,4094
ETRS89_DKTM3,4095
ETRS89_DKTM4,4096
ETRS89_DKTM1,4097
ETRS89_DKTM2,4098
ETRS89_DKTM3,4099
ETRS89_DKTM4,4100
NAD83_BLM_59N_ftUS,4217
NAD27_BLM_59N_ftUS,4399
NAD27_BLM_60N_ftUS,4400
NAD27_BLM_1N_ftUS,4401
NAD27_BLM_2N_ftUS,4402
NAD27_BLM_3N_ftUS,4403
NAD27_BLM_4N_ftUS,4404
NAD27_BLM_5N_ftUS,4405
NAD27_BLM_6N_ftUS,4406
NAD27_BLM_7N_ftUS,4407
NAD27_BLM_8N_ftUS,4408
NAD27_BLM_9N_ftUS,4409
NAD27_BLM_10N_ftUS,4410
NAD27_BLM_11N_ftUS,4411
NAD27_BLM_12N_ftUS,4412
NAD27_BLM_13N_ftUS,4413
NAD83_HARN_Guam_Map_Grid,4414
Katanga_1955_Katanga_Lambert,4415
Pulkovo_1942_83_3_degree_Gauss_Kruger_zone_7,4417
NAD27_BLM_18N_ftUS,4418
NAD27_BLM_19N_ftUS,4419
NAD83_BLM_60N_ftUS,4420
NAD83_BLM_1N_ftUS,4421
NAD83_BLM_2N_ftUS,4422
NAD83_BLM_3N_ftUS,4423
NAD83_BLM_4N_ftUS,4424
NAD83_BLM_5N_ftUS,4425
NAD83_BLM_6N_ftUS,4426
NAD83_BLM_7N_ftUS,4427
NAD83_BLM_8N_ftUS,4428
NAD83_BLM_9N_ftUS,4429
NAD83_BLM_10N_ftUS,4430
NAD83_BLM_11N_ftUS,4431
NAD83_BLM_12N_ftUS,4432
NAD83_BLM_13N_ftUS,4433
Pulkovo_1942_83_3_degree_Gauss_Kruger_zone_8,4434
NAD83_NSRS2007_Puerto_Rico_and_Virgin_Is,4437
NAD83_BLM_18N_ftUS,4438
NAD83_BLM_19N_ftUS,4439
NAD27_Pennsylvania_South,4455
NAD27_New_York_Long_Island,4456
NAD83_South_Dakota_North_ftUS,4457
WGS_84_Australian_Centre_for_Remote_Sensing_Lambert,4462
RGSPM06_UTM_zone_21N,4467
RGM04_UTM_zone_38S,4471
Cadastre_1997_UTM_zone_38S,4474
Mexican_Datum_of_1993_UTM_zone_11N,4484
Mexican_Datum_of_1993_UTM_zone_12N,4485
Mexican_Datum_of_1993_UTM_zone_13N,4486
Mexican_Datum_of_1993_UTM_zone_14N,4487
Mexican_Datum_of_1993_UTM_zone_15N,4488
Mexican_Datum_of_1993_UTM_zone_16N,4489
CGCS2000_Gauss_Kruger_zone_13,4491
CGCS2000_Gauss_Kruger_zone_14,4492
CGCS2000_Gauss_Kruger_zone_15,4493
CGCS2000_Gauss_Kruger_zone_16,4494
CGCS2000_Gauss_Kruger_zone_17,4495
CGCS2000_Gauss_Kruger_zone_18,4496
CGCS2000_Gauss_Kruger_zone_19,4497
CGCS2000_Gauss_Kruger_zone_20,4498
CGCS2000_Gauss_Kruger_zone_21,4499
CGCS2000_Gauss_Kruger_zone_22,4500
CGCS2000_Gauss_Kruger_zone_23,4501
CGCS2000_Gauss_Kruger_CM_75E,4502
CGCS2000_Gauss_Kruger_CM_81E,4503
CGCS2000_Gauss_Kruger_CM_87E,4504
CGCS2000_Gauss_Kruger_CM_93E,4505
CGCS2000_Gauss_Kruger_CM_99E,4506
CGCS2000_Gauss_Kruger_CM_105E,4507
CGCS2000_Gauss_Kruger_CM_111E,4508
CGCS2000_Gauss_Kruger_CM_117E,4509
CGCS2000_Gauss_Kruger_CM_123E,4510
CGCS2000_Gauss_Kruger_CM_129E,4511
CGCS2000_Gauss_Kruger_CM_135E,4512
CGCS2000_3_degree_Gauss_Kruger_zone_25,4513
CGCS2000_3_degree_Gauss_Kruger_zone_26,4514
CGCS2000_3_degree_Gauss_Kruger_zone_27,4515
CGCS2000_3_degree_Gauss_Kruger_zone_28,4516
CGCS2000_3_degree_Gauss_Kruger_zone_29,4517
CGCS2000_3_degree_Gauss_Kruger_zone_30,4518
CGCS2000_3_degree_Gauss_Kruger_zone_31,4519
CGCS2000_3_degree_Gauss_Kruger_zone_32,4520
CGCS2000_3_degree_Gauss_Kruger_zone_33,4521
CGCS2000_3_degree_Gauss_Kruger_zone_34,4522
CGCS2000_3_degree_Gauss_Kruger_zone_35,4523
CGCS2000_3_degree_Gauss_Kruger_zone_36,4524
CGCS2000_3_degree_Gauss_Kruger_zone_37,4525
CGCS2000_3_degree_Gauss_Kruger_zone_38,4526
CGCS2000_3_degree_Gauss_Kruger_zone_39,4527
CGCS2000_3_degree_Gauss_Kruger_zone_40,4528
CGCS2000_3_degree_Gauss_Kruger_zone_41,4529
CGCS2000_3_degree_Gauss_Kruger_zone_42,4530
CGCS2000_3_degree_Gauss_Kruger_zone_43,4531
CGCS2000_3_degree_Gauss_Kruger_zone_44,4532
CGCS2000_3_degree_Gauss_Kruger_zone_45,4533
CGCS2000_3_degree_Gauss_Kruger_CM_75E,4534
CGCS2000_3_degree_Gauss_Kruger_CM_78E,4535
CGCS2000_3_degree_Gauss_Kruger_CM_81E,4536
CGCS2000_3_degree_Gauss_Kruger_CM_84E,4537
CGCS2000_3_degree_Gauss_Kruger_CM_87E,4538
CGCS2000_3_degree_Gauss_Kruger_CM_90E,4539
CGCS2000_3_degree_Gauss_Kruger_CM_93E,4540
CGCS2000_3_degree_Gauss_Kruger_CM_96E,4541
CGCS2000_3_degree_Gauss_Kruger_CM_99E,4542
CGCS2000_3_degree_Gauss_Kruger_CM_102E,4543
CGCS2000_3_degree_Gauss_Kruger_CM_105E,4544
CGCS2000_3_degree_Gauss_Kruger_CM_108E,4545
CGCS2000_3_degree_Gauss_Kruger_CM_111E,4546
CGCS2000_3_degree_Gauss_Kruger_CM_114E,4547
CGCS2000_3_degree_Gauss_Kruger_CM_117E,4548
CGCS2000_3_degree_Gauss_Kruger_CM_120E,4549
CGCS2000_3_degree_Gauss_Kruger_CM_123E,4550
CGCS2000_3_degree_Gauss_Kruger_CM_126E,4551
CGCS2000_3_degree_Gauss_Kruger_CM_129E,4552
CGCS2000_3_degree_Gauss_Kruger_CM_132E,4553
CGCS2000_3_degree_Gauss_Kruger_CM_135E,4554
RRAF_1991_UTM_zone_20N,4559
New_Beijing_Gauss_Kruger_zone_13,4568
New_Beijing_Gauss_Kruger_zone_14,4569
New_Beijing_Gauss_Kruger_zone_15,4570
New_Beijing_Gauss_Kruger_zone_16,4571
New_Beijing_Gauss_Kruger_zone_17,4572
New_Beijing_Gauss_Kruger_zone_18,4573
New_Beijing_Gauss_Kruger_zone_19,4574
New_Beijing_Gauss_Kruger_zone_20,4575
New_Beijing_Gauss_Kruger_zone_21,4576
New_Beijing_Gauss_Kruger_zone_22,4577
New_Beijing_Gauss_Kruger_zone_23,4578
New_Beijing_Gauss_Kruger_CM_75E,4579
New_Beijing_Gauss_Kruger_CM_81E,4580
New_Beijing_Gauss_Kruger_CM_87E,4581
New_Beijing_Gauss_Kruger_CM_93E,4582
New_Beijing_Gauss_Kruger_CM_99E,4583
New_Beijing_Gauss_Kruger_CM_105E,4584
New_Beijing_Gauss_Kruger_CM_111E,4585
New_Beijing_Gauss_Kruger_CM_117E,4586
New_Beijing_Gauss_Kruger_CM_123E,4587
New_Beijing_Gauss_Kruger_CM_129E,4588
New_Beijing_Gauss_Kruger_CM_135E,4589
ETRS89_UTM_zone_32N_zE_N,4647
New_Beijing_3_degree_Gauss_Kruger_zone_25,4652
New_Beijing_3_degree_Gauss_Kruger_zone_26,4653
New_Beijing_3_degree_Gauss_Kruger_zone_27,4654
New_Beijing_3_degree_Gauss_Kruger_zone_28,4655
New_Beijing_3_degree_Gauss_Kruger_zone_29,4656
New_Beijing_3_degree_Gauss_Kruger_zone_30,4766
New_Beijing_3_degree_Gauss_Kruger_zone_31,4767
New_Beijing_3_degree_Gauss_Kruger_zone_32,4768
New_Beijing_3_degree_Gauss_Kruger_zone_33,4769
New_Beijing_3_degree_Gauss_Kruger_zone_34,4770
New_Beijing_3_degree_Gauss_Kruger_zone_35,4771
New_Beijing_3_degree_Gauss_Kruger_zone_36,4772
New_Beijing_3_degree_Gauss_Kruger_zone_37,4773
New_Beijing_3_degree_Gauss_Kruger_zone_38,4774
New_Beijing_3_degree_Gauss_Kruger_zone_39,4775
New_Beijing_3_degree_Gauss_Kruger_zone_40,4776
New_Beijing_3_degree_Gauss_Kruger_zone_41,4777
New_Beijing_3_degree_Gauss_Kruger_zone_42,4778
New_Beijing_3_degree_Gauss_Kruger_zone_43,4779
New_Beijing_3_degree_Gauss_Kruger_zone_44,4780
New_Beijing_3_degree_Gauss_Kruger_zone_45,4781
New_Beijing_3_degree_Gauss_Kruger_CM_75E,4782
New_Beijing_3_degree_Gauss_Kruger_CM_78E,4783
New_Beijing_3_degree_Gauss_Kruger_CM_81E,4784
New_Beijing_3_degree_Gauss_Kruger_CM_84E,4785
New_Beijing_3_degree_Gauss_Kruger_CM_87E,4786
New_Beijing_3_degree_Gauss_Kruger_CM_90E,4787
New_Beijing_3_degree_Gauss_Kruger_CM_93E,4788
New_Beijing_3_degree_Gauss_Kruger_CM_96E,4789
New_Beijing_3_degree_Gauss_Kruger_CM_99E,4790
New_Beijing_3_degree_Gauss_Kruger_CM_102E,4791
New_Beijing_3_degree_Gauss_Kruger_CM_105E,4792
New_Beijing_3_degree_Gauss_Kruger_CM_108E,4793
New_Beijing_3_degree_Gauss_Kruger_CM_111E,4794
New_Beijing_3_degree_Gauss_Kruger_CM_114E,4795
New_Beijing_3_degree_Gauss_Kruger_CM_117E,4796
New_Beijing_3_degree_Gauss_Kruger_CM_120E,4797
New_Beijing_3_degree_Gauss_Kruger_CM_123E,4798
New_Beijing_3_degree_Gauss_Kruger_CM_126E,4799
New_Beijing_3_degree_Gauss_Kruger_CM_129E,4800
New_Beijing_3_degree_Gauss_Kruger_CM_132E,4812
New_Beijing_3_degree_Gauss_Kruger_CM_135E,4822
WGS_84_Cape_Verde_National,4826
ETRS89_LCC_Germany_N_E,4839
ETRS89_NTM_zone_5_deprecated,4855
ETRS89_NTM_zone_6_deprecated,4856
ETRS89_NTM_zone_7_deprecated,4857
ETRS89_NTM_zone_8_deprecated,4858
ETRS89_NTM_zone_9_deprecated,4859
ETRS89_NTM_zone_10_deprecated,4860
ETRS89_NTM_zone_11_deprecated,4861
ETRS89_NTM_zone_12_deprecated,4862
ETRS89_NTM_zone_13_deprecated,4863
ETRS89_NTM_zone_14_deprecated,4864
ETRS89_NTM_zone_15_deprecated,4865
ETRS89_NTM_zone_16_deprecated,4866
ETRS89_NTM_zone_17_deprecated,4867
ETRS89_NTM_zone_18_deprecated,4868
ETRS89_NTM_zone_19_deprecated,4869
ETRS89_NTM_zone_20_deprecated,4870
ETRS89_NTM_zone_21_deprecated,4871
ETRS89_NTM_zone_22_deprecated,4872
ETRS89_NTM_zone_23_deprecated,4873
ETRS89_NTM_zone_24_deprecated,4874
ETRS89_NTM_zone_25_deprecated,4875
ETRS89_NTM_zone_26_deprecated,4876
ETRS89_NTM_zone_27_deprecated,4877
ETRS89_NTM_zone_28_deprecated,4878
ETRS89_NTM_zone_29_deprecated,4879
ETRS89_NTM_zone_30_deprecated,4880
PTRA08_UTM_zone_25N,5014
PTRA08_UTM_zone_26N,5015
PTRA08_UTM_zone_28N,5016
Lisbon_1890_Portugal_Bonne_New,5017
Lisbon_Portuguese_Grid_New,5018
WGS_84_UPS_North_E_N,5041
WGS_84_UPS_South_E_N,5042
ETRS89_TM35FIN_N_E,5048
NAD27_Conus_Albers,5069
NAD83_Conus_Albers,5070
NAD83_HARN_Conus_Albers,5071
NAD83_NSRS2007_Conus_Albers,5072
ETRS89_NTM_zone_5,5105
ETRS89_NTM_zone_6,5106
ETRS89_NTM_zone_7,5107
ETRS89_NTM_zone_8,5108
ETRS89_NTM_zone_9,5109
ETRS89_NTM_zone_10,5110
ETRS89_NTM_zone_11,5111
ETRS89_NTM_zone_12,5112
ETRS89_NTM_zone_13,5113
ETRS89_NTM_zone_14,5114
ETRS89_NTM_zone_15,5115
ETRS89_NTM_zone_16,5116
ETRS89_NTM_zone_17,5117
ETRS89_NTM_zone_18,5118
ETRS89_NTM_zone_19,5119
ETRS89_NTM_zone_20,5120
ETRS89_NTM_zone_21,5121
ETRS89_NTM_zone_22,5122
ETRS89_NTM_zone_23,5123
ETRS89_NTM_zone_24,5124
ETRS89_NTM_zone_25,5125
ETRS89_NTM_zone_26,5126
ETRS89_NTM_zone_27,5127
ETRS89_NTM_zone_28,5128
ETRS89_NTM_zone_29,5129
ETRS89_NTM_zone_30,5130
Korean_1985_East_Sea_Belt,5167
Korean_1985_Central_Belt_Jeju,5168
Tokyo_1892_Korea_West_Belt,5169
Tokyo_1892_Korea_Central_Belt,5170
Tokyo_1892_Korea_East_Belt,5171
Tokyo_1892_Korea_East_Sea_Belt,5172
Korean_1985_Modified_West_Belt,5173
Korean_1985_Modified_Central_Belt,5174
Korean_1985_Modified_Central_Belt_Jeju,5175
Korean_1985_Modified_East_Belt,5176
Korean_1985_Modified_East_Sea_Belt,5177
Korean_1985_Unified_CS,5178
Korea_2000_Unified_CS,5179
Korea_2000_West_Belt,5180
Korea_2000_Central_Belt,5181
Korea_2000_Central_Belt_Jeju,5182
Korea_2000_East_Belt,5183
Korea_2000_East_Sea_Belt,5184
Korea_2000_West_Belt_2010,5185
Korea_2000_Central_Belt_2010,5186
Korea_2000_East_Belt_2010,5187
Korea_2000_East_Sea_Belt_2010,5188
S_JTSK_Ferro_Krovak_East_North,5221
WGS_84_Gabon_TM,5223
S_JTSK_05_Ferro_Modified_Krovak,5224
S_JTSK_05_Ferro_Modified_Krovak_East_North,5225
Kandawala_Sri_Lanka_Grid,5234
SLD99_Sri_Lanka_Grid_1999,5235
ETRS89_LCC_Germany_E_N,5243
GDBD2009_Brunei_BRSO,5247
TUREF_TM27,5253
TUREF_TM30,5254
TUREF_TM33,5255
TUREF_TM36,5256
TUREF_TM39,5257
TUREF_TM42,5258
TUREF_TM45,5259
DRUKREF_03_Bhutan_National_Grid,5266
TUREF_3_degree_Gauss_Kruger_zone_9,5269
TUREF_3_degree_Gauss_Kruger_zone_10,5270
TUREF_3_degree_Gauss_Kruger_zone_11,5271
TUREF_3_degree_Gauss_Kruger_zone_12,5272
TUREF_3_degree_Gauss_Kruger_zone_13,5273
TUREF_3_degree_Gauss_Kruger_zone_14,5274
TUREF_3_degree_Gauss_Kruger_zone_15,5275
DRUKREF_03_Bumthang_TM,5292
DRUKREF_03_Chhukha_TM,5293
DRUKREF_03_Dagana_TM,5294
DRUKREF_03_Gasa_TM,5295
DRUKREF_03_Ha_TM,5296
DRUKREF_03_Lhuentse_TM,5297
DRUKREF_03_Mongar_TM,5298
DRUKREF_03_Paro_TM,5299
DRUKREF_03_Pemagatshel_TM,5300
DRUKREF_03_Punakha_TM,5301
DRUKREF_03_Samdrup_Jongkhar_TM,5302
DRUKREF_03_Samtse_TM,5303
DRUKREF_03_Sarpang_TM,5304
DRUKREF_03_Thimphu_TM,5305
DRUKREF_03_Trashigang_TM,5306
DRUKREF_03_Trongsa_TM,5307
DRUKREF_03_Tsirang_TM,5308
DRUKREF_03_Wangdue_Phodrang_TM,5309
DRUKREF_03_Yangtse_TM,5310
DRUKREF_03_Zhemgang_TM,5311
ETRS89_Faroe_TM,5316
ETRS89_Faroe_TM,5318
NAD83_Teranet_Ontario_Lambert,5320
NAD83_CSRS_Teranet_Ontario_Lambert,5321
ISN2004_Lambert_2004,5325
Segara_Jakarta_NEIEZ,5329
Batavia_Jakarta_NEIEZ,5330
Makassar_Jakarta_NEIEZ,5331
Aratu_UTM_zone_25S,5337
POSGAR_2007_Argentina_1,5343
POSGAR_2007_Argentina_2,5344
POSGAR_2007_Argentina_3,5345
POSGAR_2007_Argentina_4,5346
POSGAR_2007_Argentina_5,5347
POSGAR_2007_Argentina_6,5348
POSGAR_2007_Argentina_7,5349
MARGEN_UTM_zone_20S,5355
MARGEN_UTM_zone_19S,5356
MARGEN_UTM_zone_21S,5357
SIRGAS_Chile_UTM_zone_19S,5361
SIRGAS_Chile_UTM_zone_18S,5362
CR05_CRTM05,5367
SIRGAS_ROU98_UTM_zone_21S,5382
SIRGAS_ROU98_UTM_zone_22S,5383
Peru96_UTM_zone_18S,5387
Peru96_UTM_zone_17S_deprecated,5388
Peru96_UTM_zone_19S,5389
SIRGAS_2000_UTM_zone_26S,5396
Ocotepeque_1935_Costa_Rica_Norte,5456
Ocotepeque_1935_Costa_Rica_Sur,5457
Ocotepeque_1935_Guatemala_Norte_deprecated,5458
Ocotepeque_1935_Guatemala_Sur,5459
Ocotepeque_1935_El_Salvador_Lambert,5460
Ocotepeque_1935_Nicaragua_Norte,5461
Ocotepeque_1935_Nicaragua_Sur,5462
SAD69_UTM_zone_17N,5463
Sibun_Gorge_1922_Colony_Grid_deprecated,5466
Panama_Colon_1911_Panama_Lambert,5469
Panama_Colon_1911_Panama_Polyconic,5472
RSRGD2000_MSLC2000,5479
RSRGD2000_BCLC2000,5480
RSRGD2000_PCLC2000,5481
RSRGD2000_RSPS2000,5482
RGAF09_UTM_zone_20N,5490
S_JTSK_Krovak,5513
S_JTSK_Krovak_East_North,5514
S_JTSK_05_Modified_Krovak,5515
S_JTSK_05_Modified_Krovak_East_North,5516
CI1971_Chatham_Islands_Map_Grid,5518
CI1979_Chatham_Islands_Map_Grid,5519
DHDN_3_degree_Gauss_Kruger_zone_1,5520
WGS_84_Gabon_TM_2011,5523
SAD69_96_Brazil_Polyconic,5530
SAD69_96_UTM_zone_21S,5531
SAD69_96_UTM_zone_22S_deprecated,5532
SAD69_96_UTM_zone_23S,5533
SAD69_96_UTM_zone_24S,5534
SAD69_96_UTM_zone_25S,5535
Corrego_Alegre_1961_UTM_zone_21S,5536
Corrego_Alegre_1961_UTM_zone_22S,5537
Corrego_Alegre_1961_UTM_zone_23S,5538
Corrego_Alegre_1961_UTM_zone_24S,5539
PNG94_PNGMG94_zone_54,5550
PNG94_PNGMG94_zone_55,5551
PNG94_PNGMG94_zone_56,5552
ETRS89_UTM_zone_31N,5554
ETRS89_UTM_zone_32N,5555
ETRS89_UTM_zone_33N,5556
Ocotepeque_1935_Guatemala_Norte,5559
Ukraine_2000_Gauss_Kruger_zone_4,5562
Ukraine_2000_Gauss_Kruger_zone_5,5563
Ukraine_2000_Gauss_Kruger_zone_6,5564
Ukraine_2000_Gauss_Kruger_zone_7,5565
Ukraine_2000_Gauss_Kruger_CM_21E,5566
Ukraine_2000_Gauss_Kruger_CM_27E,5567
Ukraine_2000_Gauss_Kruger_CM_33E,5568
Ukraine_2000_Gauss_Kruger_CM_39E,5569
Ukraine_2000_3_degree_Gauss_Kruger_zone_7,5570
Ukraine_2000_3_degree_Gauss_Kruger_zone_8,5571
Ukraine_2000_3_degree_Gauss_Kruger_zone_9,5572
Ukraine_2000_3_degree_Gauss_Kruger_zone_10,5573
Ukraine_2000_3_degree_Gauss_Kruger_zone_11,5574
Ukraine_2000_3_degree_Gauss_Kruger_zone_12,5575
Ukraine_2000_3_degree_Gauss_Kruger_zone_13,5576
Ukraine_2000_3_degree_Gauss_Kruger_CM_21E,5577
Ukraine_2000_3_degree_Gauss_Kruger_CM_24E,5578
Ukraine_2000_3_degree_Gauss_Kruger_CM_27E,5579
Ukraine_2000_3_degree_Gauss_Kruger_CM_30E,5580
Ukraine_2000_3_degree_Gauss_Kruger_CM_33E,5581
Ukraine_2000_3_degree_Gauss_Kruger_CM_36E,5582
Ukraine_2000_3_degree_Gauss_Kruger_CM_39E,5583
NAD27_New_Brunswick_Stereographic_NAD27,5588
Sibun_Gorge_1922_Colony_Grid,5589
FEH2010_Fehmarnbelt_TM,5596
FEH2010_Fehmarnbelt_TM,5598
NAD27_Michigan_East,5623
NAD27_Michigan_Old_Central,5624
NAD27_Michigan_West,5625
ED50_TM_6_NE,5627
Moznet_UTM_zone_38S,5629
Pulkovo_1942_58_Gauss_Kruger_zone_2_E_N,5631
PTRA08_LCC_Europe,5632
PTRA08_LAEA_Europe,5633
REGCAN95_LCC_Europe,5634
REGCAN95_LAEA_Europe,5635
TUREF_LAEA_Europe,5636
TUREF_LCC_Europe,5637
ISN2004_LAEA_Europe,5638
ISN2004_LCC_Europe,5639
SIRGAS_2000_Brazil_Mercator,5641
ED50_SPBA_LCC,5643
RGR92_UTM_zone_39S,5644
NAD83_Vermont_ftUS,5646
ETRS89_UTM_zone_31N_zE_N,5649
ETRS89_UTM_zone_33N_zE_N,5650
ETRS89_UTM_zone_31N_N_zE,5651
ETRS89_UTM_zone_32N_N_zE,5652
ETRS89_UTM_zone_33N_N_zE,5653
NAD83_HARN_Vermont_ftUS,5654
NAD83_NSRS2007_Vermont_ftUS,5655
Monte_Mario_TM_Emilia_Romagna,5659
Pulkovo_1942_58_Gauss_Kruger_zone_3_E_N,5663
Pulkovo_1942_83_Gauss_Kruger_zone_2_E_N,5664
Pulkovo_1942_83_Gauss_Kruger_zone_3_E_N,5665
PD_83_3_degree_Gauss_Kruger_zone_3_E_N,5666
PD_83_3_degree_Gauss_Kruger_zone_4_E_N,5667
RD_83_3_degree_Gauss_Kruger_zone_4_E_N,5668
RD_83_3_degree_Gauss_Kruger_zone_5_E_N,5669
Pulkovo_1942_58_3_degree_Gauss_Kruger_zone_3_E_N,5670
Pulkovo_1942_58_3_degree_Gauss_Kruger_zone_4_E_N,5671
Pulkovo_1942_58_3_degree_Gauss_Kruger_zone_5_E_N,5672
Pulkovo_1942_83_3_degree_Gauss_Kruger_zone_3_E_N,5673
Pulkovo_1942_83_3_degree_Gauss_Kruger_zone_4_E_N,5674
Pulkovo_1942_83_3_degree_Gauss_Kruger_zone_5_E_N,5675
DHDN_3_degree_Gauss_Kruger_zone_2_E_N,5676
DHDN_3_degree_Gauss_Kruger_zone_3_E_N,5677
DHDN_3_degree_Gauss_Kruger_zone_4_E_N,5678
DHDN_3_degree_Gauss_Kruger_zone_5_E_N,5679
DHDN_3_degree_Gauss_Kruger_zone_1_E_N,5680
DB_REF_3_degree_Gauss_Kruger_zone_2_E_N,5682
DB_REF_3_degree_Gauss_Kruger_zone_3_E_N,5683
DB_REF_3_degree_Gauss_Kruger_zone_4_E_N,5684
DB_REF_3_degree_Gauss_Kruger_zone_5_E_N,5685
RGF93_Lambert_93,5698
RGF93_Lambert_93,5699
NZGD_2000_UTM_Zone_1S,5700
NTF_Paris_Lambert_zone_I,5707
NTF_Paris_Lambert_zone_IV,5708
EPSG topocentric example A,5819
EPSG topocentric example B,5820
EPSG vertical perspective example,5821
AGD66_ACT_Standard_Grid,5825
DB_REF_3_degree_Gauss_Kruger_zone_2_E_N,5832
DB_REF_3_degree_Gauss_Kruger_zone_3_E_N,5833
DB_REF_3_degree_Gauss_Kruger_zone_4_E_N,5834
DB_REF_3_degree_Gauss_Kruger_zone_5_E_N,5835
Yemen_NGN96_UTM_zone_37N,5836
Yemen_NGN96_UTM_zone_40N,5837
Peru96_UTM_zone_17S,5839
WGS_84_TM_12_SE,5842
RGRDC_2005_Congo_TM_zone_30,5844
SWEREF99_TM,5845
SWEREF99_12_00,5846
SWEREF99_13_30,5847
SWEREF99_15_00,5848
SWEREF99_16_30,5849
SWEREF99_18_00,5850
SWEREF99_14_15,5851
SWEREF99_15_45,5852
SWEREF99_17_15,5853
SWEREF99_18_45,5854
SWEREF99_20_15,5855
SWEREF99_21_45,5856
SWEREF99_23_15,5857
SAD69_96_UTM_zone_22S,5858
NTF_Paris_France_II_deprecated,7401
NTF_Paris_France_II_deprecated,7402
NTF_Paris_France_III_deprecated,7403
OSGB_1936_British_National_Grid,7405
NAD27_Texas_North,7407
NTF_Paris_Lambert_zone_II,7411
NTF_Paris_Lambert_zone_II,7412
NTF_Paris_Lambert_zone_III,7413
Amersfoort_RD_New,7415
ETRS89_UTM_zone_32N,7416
ETRS89_UTM_zone_33N,7417
ETRS89_Kp2000_Jutland,7418
ETRS89_Kp2000_Zealand,7419
ETRS89_Kp2000_Bornholm,7420
NTF_Paris_Lambert_zone_II,7421
NTF_Paris_Lambert_zone_III,7422
